"VersionEffective","PartNumber","PROPERTY","ValuePrior","ValueCurrent","ChangeReason"
"2.79","LP101259-2","STATUS","ACTIVE","INACTIVE",""
"2.79","LP104997-4","STATUS","ACTIVE","INACTIVE",""
"2.79","LP104998-2","STATUS","ACTIVE","INACTIVE",""
"2.79","LP111663-3","STATUS","ACTIVE","INACTIVE",""
"2.79","LP129062-8","STATUS","ACTIVE","INACTIVE",""
"2.79","LP147369-5","STATUS","ACTIVE","INACTIVE",""
"2.79","LP149837-9","STATUS","ACTIVE","INACTIVE",""
"2.79","LP15191-7","STATUS","ACTIVE","INACTIVE",""
"2.79","LP15392-1","STATUS","ACTIVE","INACTIVE",""
"2.79","LP157167-0","STATUS","ACTIVE","INACTIVE",""
"2.79","LP16409-2","STATUS","ACTIVE","INACTIVE",""
"2.79","LP16410-0","STATUS","ACTIVE","INACTIVE",""
"2.79","LP172588-8","STATUS","ACTIVE","INACTIVE",""
"2.79","LP172819-7","STATUS","ACTIVE","INACTIVE",""
"2.79","LP172885-8","STATUS","ACTIVE","INACTIVE",""
"2.79","LP173457-5","STATUS","DEPRECATED","ACTIVE",""
"2.79","LP17689-8","STATUS","ACTIVE","INACTIVE",""
"2.79","LP17695-5","STATUS","ACTIVE","INACTIVE",""
"2.79","LP17833-2","STATUS","ACTIVE","INACTIVE",""
"2.79","LP17861-3","STATUS","ACTIVE","INACTIVE",""
"2.79","LP183574-5","STATUS","ACTIVE","INACTIVE",""
"2.79","LP191794-9","STATUS","ACTIVE","INACTIVE",""
"2.79","LP200482-0","STATUS","ACTIVE","INACTIVE",""
"2.79","LP201811-9","STATUS","ACTIVE","INACTIVE",""
"2.79","LP204137-6","STATUS","ACTIVE","INACTIVE",""
"2.79","LP204138-4","STATUS","ACTIVE","INACTIVE",""
"2.79","LP204139-2","STATUS","ACTIVE","INACTIVE",""
"2.79","LP207484-9","STATUS","ACTIVE","INACTIVE",""
"2.79","LP207489-8","STATUS","ACTIVE","INACTIVE",""
"2.79","LP231961-6","STATUS","ACTIVE","INACTIVE",""
"2.79","LP232098-6","STATUS","ACTIVE","INACTIVE",""
"2.79","LP241965-5","STATUS","ACTIVE","INACTIVE",""
"2.79","LP247741-4","STATUS","ACTIVE","INACTIVE",""
"2.79","LP248359-4","STATUS","ACTIVE","INACTIVE",""
"2.79","LP266978-8","STATUS","ACTIVE","INACTIVE",""
"2.79","LP267030-7","STATUS","ACTIVE","INACTIVE",""
"2.79","LP267056-2","STATUS","ACTIVE","INACTIVE",""
"2.79","LP267088-5","STATUS","ACTIVE","INACTIVE",""
"2.79","LP267089-3","STATUS","ACTIVE","INACTIVE",""
"2.79","LP267093-5","STATUS","ACTIVE","INACTIVE",""
"2.79","LP267094-3","STATUS","ACTIVE","INACTIVE",""
"2.79","LP267096-8","STATUS","ACTIVE","INACTIVE",""
"2.79","LP267100-8","STATUS","ACTIVE","INACTIVE",""
"2.79","LP268135-3","STATUS","ACTIVE","INACTIVE",""
"2.79","LP268136-1","STATUS","ACTIVE","INACTIVE",""
"2.79","LP268179-1","STATUS","ACTIVE","INACTIVE",""
"2.79","LP268225-2","STATUS","ACTIVE","INACTIVE",""
"2.79","LP268511-5","STATUS","ACTIVE","INACTIVE",""
"2.79","LP268513-1","STATUS","ACTIVE","INACTIVE",""
"2.79","LP269195-6","STATUS","ACTIVE","INACTIVE",""
"2.79","LP270308-2","STATUS","ACTIVE","INACTIVE",""
"2.79","LP281417-8","STATUS","ACTIVE","INACTIVE",""
"2.79","LP284676-6","STATUS","ACTIVE","INACTIVE",""
"2.79","LP285001-6","STATUS","ACTIVE","INACTIVE",""
"2.79","LP285055-2","STATUS","ACTIVE","INACTIVE",""
"2.79","LP285059-4","STATUS","ACTIVE","INACTIVE",""
"2.79","LP285060-2","STATUS","ACTIVE","INACTIVE",""
"2.79","LP285061-0","STATUS","ACTIVE","INACTIVE",""
"2.79","LP285062-8","STATUS","ACTIVE","INACTIVE",""
"2.79","LP285065-1","STATUS","ACTIVE","INACTIVE",""
"2.79","LP285066-9","STATUS","ACTIVE","INACTIVE",""
"2.79","LP285107-1","STATUS","ACTIVE","INACTIVE",""
"2.79","LP285108-9","STATUS","ACTIVE","INACTIVE",""
"2.79","LP285109-7","STATUS","ACTIVE","INACTIVE",""
"2.79","LP285110-5","STATUS","ACTIVE","INACTIVE",""
"2.79","LP285111-3","STATUS","ACTIVE","INACTIVE",""
"2.79","LP285112-1","STATUS","ACTIVE","INACTIVE",""
"2.79","LP285113-9","STATUS","ACTIVE","INACTIVE",""
"2.79","LP285114-7","STATUS","ACTIVE","INACTIVE",""
"2.79","LP285115-4","STATUS","ACTIVE","INACTIVE",""
"2.79","LP285116-2","STATUS","ACTIVE","INACTIVE",""
"2.79","LP285117-0","STATUS","ACTIVE","INACTIVE",""
"2.79","LP285118-8","STATUS","ACTIVE","INACTIVE",""
"2.79","LP285119-6","STATUS","ACTIVE","INACTIVE",""
"2.79","LP285120-4","STATUS","ACTIVE","INACTIVE",""
"2.79","LP285121-2","STATUS","ACTIVE","INACTIVE",""
"2.79","LP285122-0","STATUS","ACTIVE","INACTIVE",""
"2.79","LP285123-8","STATUS","ACTIVE","INACTIVE",""
"2.79","LP285124-6","STATUS","ACTIVE","INACTIVE",""
"2.79","LP285125-3","STATUS","ACTIVE","INACTIVE",""
"2.79","LP285126-1","STATUS","ACTIVE","INACTIVE",""
"2.79","LP285127-9","STATUS","ACTIVE","INACTIVE",""
"2.79","LP285128-7","STATUS","ACTIVE","INACTIVE",""
"2.79","LP285129-5","STATUS","ACTIVE","INACTIVE",""
"2.79","LP285130-3","STATUS","ACTIVE","INACTIVE",""
"2.79","LP285131-1","STATUS","ACTIVE","INACTIVE",""
"2.79","LP285132-9","STATUS","ACTIVE","INACTIVE",""
"2.79","LP285133-7","STATUS","ACTIVE","INACTIVE",""
"2.79","LP285134-5","STATUS","ACTIVE","INACTIVE",""
"2.79","LP285135-2","STATUS","ACTIVE","INACTIVE",""
"2.79","LP285136-0","STATUS","ACTIVE","INACTIVE",""
"2.79","LP285137-8","STATUS","ACTIVE","INACTIVE",""
"2.79","LP285138-6","STATUS","ACTIVE","INACTIVE",""
"2.79","LP285139-4","STATUS","ACTIVE","INACTIVE",""
"2.79","LP285140-2","STATUS","ACTIVE","INACTIVE",""
"2.79","LP285141-0","STATUS","ACTIVE","INACTIVE",""
"2.79","LP285142-8","STATUS","ACTIVE","INACTIVE",""
"2.79","LP285143-6","STATUS","ACTIVE","INACTIVE",""
"2.79","LP285144-4","STATUS","ACTIVE","INACTIVE",""
"2.79","LP285145-1","STATUS","ACTIVE","INACTIVE",""
"2.79","LP285146-9","STATUS","ACTIVE","INACTIVE",""
"2.79","LP285147-7","STATUS","ACTIVE","INACTIVE",""
"2.79","LP285148-5","STATUS","ACTIVE","INACTIVE",""
"2.79","LP285149-3","STATUS","ACTIVE","INACTIVE",""
"2.79","LP285150-1","STATUS","ACTIVE","INACTIVE",""
"2.79","LP285180-8","STATUS","ACTIVE","INACTIVE",""
"2.79","LP285254-1","STATUS","ACTIVE","INACTIVE",""
"2.79","LP285255-8","STATUS","ACTIVE","INACTIVE",""
"2.79","LP285256-6","STATUS","ACTIVE","INACTIVE",""
"2.79","LP285257-4","STATUS","ACTIVE","INACTIVE",""
"2.79","LP285258-2","STATUS","ACTIVE","INACTIVE",""
"2.79","LP285259-0","STATUS","ACTIVE","INACTIVE",""
"2.79","LP285260-8","STATUS","ACTIVE","INACTIVE",""
"2.79","LP285262-4","STATUS","ACTIVE","INACTIVE",""
"2.79","LP285264-0","STATUS","ACTIVE","INACTIVE",""
"2.79","LP285266-5","STATUS","ACTIVE","INACTIVE",""
"2.79","LP285267-3","STATUS","ACTIVE","INACTIVE",""
"2.79","LP285269-9","STATUS","ACTIVE","INACTIVE",""
"2.79","LP285270-7","STATUS","ACTIVE","INACTIVE",""
"2.79","LP285271-5","STATUS","ACTIVE","INACTIVE",""
"2.79","LP285272-3","STATUS","ACTIVE","INACTIVE",""
"2.79","LP285273-1","STATUS","ACTIVE","INACTIVE",""
"2.79","LP285274-9","STATUS","ACTIVE","INACTIVE",""
"2.79","LP285275-6","STATUS","ACTIVE","INACTIVE",""
"2.79","LP285276-4","STATUS","ACTIVE","INACTIVE",""
"2.79","LP285277-2","STATUS","ACTIVE","INACTIVE",""
"2.79","LP285278-0","STATUS","ACTIVE","INACTIVE",""
"2.79","LP285279-8","STATUS","ACTIVE","INACTIVE",""
"2.79","LP285280-6","STATUS","ACTIVE","INACTIVE",""
"2.79","LP285281-4","STATUS","ACTIVE","INACTIVE",""
"2.79","LP285282-2","STATUS","ACTIVE","INACTIVE",""
"2.79","LP285283-0","STATUS","ACTIVE","INACTIVE",""
"2.79","LP285284-8","STATUS","ACTIVE","INACTIVE",""
"2.79","LP285285-5","STATUS","ACTIVE","INACTIVE",""
"2.79","LP285286-3","STATUS","ACTIVE","INACTIVE",""
"2.79","LP285287-1","STATUS","ACTIVE","INACTIVE",""
"2.79","LP285288-9","STATUS","ACTIVE","INACTIVE",""
"2.79","LP285289-7","STATUS","ACTIVE","INACTIVE",""
"2.79","LP285290-5","STATUS","ACTIVE","INACTIVE",""
"2.79","LP285291-3","STATUS","ACTIVE","INACTIVE",""
"2.79","LP285292-1","STATUS","ACTIVE","INACTIVE",""
"2.79","LP285293-9","STATUS","ACTIVE","INACTIVE",""
"2.79","LP285294-7","STATUS","ACTIVE","INACTIVE",""
"2.79","LP285295-4","STATUS","ACTIVE","INACTIVE",""
"2.79","LP285296-2","STATUS","ACTIVE","INACTIVE",""
"2.79","LP285297-0","STATUS","ACTIVE","INACTIVE",""
"2.79","LP285298-8","STATUS","ACTIVE","INACTIVE",""
"2.79","LP285299-6","STATUS","ACTIVE","INACTIVE",""
"2.79","LP285300-2","STATUS","ACTIVE","INACTIVE",""
"2.79","LP285301-0","STATUS","ACTIVE","INACTIVE",""
"2.79","LP285302-8","STATUS","ACTIVE","INACTIVE",""
"2.79","LP285303-6","STATUS","ACTIVE","INACTIVE",""
"2.79","LP285305-1","STATUS","ACTIVE","INACTIVE",""
"2.79","LP285306-9","STATUS","ACTIVE","INACTIVE",""
"2.79","LP285307-7","STATUS","ACTIVE","INACTIVE",""
"2.79","LP285308-5","STATUS","ACTIVE","INACTIVE",""
"2.79","LP285309-3","STATUS","ACTIVE","INACTIVE",""
"2.79","LP285310-1","STATUS","ACTIVE","INACTIVE",""
"2.79","LP285311-9","STATUS","ACTIVE","INACTIVE",""
"2.79","LP285312-7","STATUS","ACTIVE","INACTIVE",""
"2.79","LP285313-5","STATUS","ACTIVE","INACTIVE",""
"2.79","LP285316-8","STATUS","ACTIVE","INACTIVE",""
"2.79","LP285317-6","STATUS","ACTIVE","INACTIVE",""
"2.79","LP285318-4","STATUS","ACTIVE","INACTIVE",""
"2.79","LP285319-2","STATUS","ACTIVE","INACTIVE",""
"2.79","LP285320-0","STATUS","ACTIVE","INACTIVE",""
"2.79","LP285321-8","STATUS","ACTIVE","INACTIVE",""
"2.79","LP285322-6","STATUS","ACTIVE","INACTIVE",""
"2.79","LP285323-4","STATUS","ACTIVE","INACTIVE",""
"2.79","LP285324-2","STATUS","ACTIVE","INACTIVE",""
"2.79","LP285325-9","STATUS","ACTIVE","INACTIVE",""
"2.79","LP285326-7","STATUS","ACTIVE","INACTIVE",""
"2.79","LP285327-5","STATUS","ACTIVE","INACTIVE",""
"2.79","LP285328-3","STATUS","ACTIVE","INACTIVE",""
"2.79","LP285329-1","STATUS","ACTIVE","INACTIVE",""
"2.79","LP285330-9","STATUS","ACTIVE","INACTIVE",""
"2.79","LP285331-7","STATUS","ACTIVE","INACTIVE",""
"2.79","LP285332-5","STATUS","ACTIVE","INACTIVE",""
"2.79","LP285333-3","STATUS","ACTIVE","INACTIVE",""
"2.79","LP285334-1","STATUS","ACTIVE","INACTIVE",""
"2.79","LP285336-6","STATUS","ACTIVE","INACTIVE",""
"2.79","LP285337-4","STATUS","ACTIVE","INACTIVE",""
"2.79","LP285338-2","STATUS","ACTIVE","INACTIVE",""
"2.79","LP285339-0","STATUS","ACTIVE","INACTIVE",""
"2.79","LP285340-8","STATUS","ACTIVE","INACTIVE",""
"2.79","LP285341-6","STATUS","ACTIVE","INACTIVE",""
"2.79","LP285342-4","STATUS","ACTIVE","INACTIVE",""
"2.79","LP285343-2","STATUS","ACTIVE","INACTIVE",""
"2.79","LP285344-0","STATUS","ACTIVE","INACTIVE",""
"2.79","LP285345-7","STATUS","ACTIVE","INACTIVE",""
"2.79","LP285346-5","STATUS","ACTIVE","INACTIVE",""
"2.79","LP285347-3","STATUS","ACTIVE","INACTIVE",""
"2.79","LP285348-1","STATUS","ACTIVE","INACTIVE",""
"2.79","LP285349-9","STATUS","ACTIVE","INACTIVE",""
"2.79","LP285350-7","STATUS","ACTIVE","INACTIVE",""
"2.79","LP285351-5","STATUS","ACTIVE","INACTIVE",""
"2.79","LP285352-3","STATUS","ACTIVE","INACTIVE",""
"2.79","LP285353-1","STATUS","ACTIVE","INACTIVE",""
"2.79","LP285354-9","STATUS","ACTIVE","INACTIVE",""
"2.79","LP285355-6","STATUS","ACTIVE","INACTIVE",""
"2.79","LP285356-4","STATUS","ACTIVE","INACTIVE",""
"2.79","LP285357-2","STATUS","ACTIVE","INACTIVE",""
"2.79","LP285358-0","STATUS","ACTIVE","INACTIVE",""
"2.79","LP285359-8","STATUS","ACTIVE","INACTIVE",""
"2.79","LP285360-6","STATUS","ACTIVE","INACTIVE",""
"2.79","LP285362-2","STATUS","ACTIVE","INACTIVE",""
"2.79","LP285363-0","STATUS","ACTIVE","INACTIVE",""
"2.79","LP285364-8","STATUS","ACTIVE","INACTIVE",""
"2.79","LP285365-5","STATUS","ACTIVE","INACTIVE",""
"2.79","LP285366-3","STATUS","ACTIVE","INACTIVE",""
"2.79","LP285367-1","STATUS","ACTIVE","INACTIVE",""
"2.79","LP285368-9","STATUS","ACTIVE","INACTIVE",""
"2.79","LP285369-7","STATUS","ACTIVE","INACTIVE",""
"2.79","LP285370-5","STATUS","ACTIVE","INACTIVE",""
"2.79","LP285371-3","STATUS","ACTIVE","INACTIVE",""
"2.79","LP285372-1","STATUS","ACTIVE","INACTIVE",""
"2.79","LP285373-9","STATUS","ACTIVE","INACTIVE",""
"2.79","LP285374-7","STATUS","ACTIVE","INACTIVE",""
"2.79","LP285378-8","STATUS","ACTIVE","INACTIVE",""
"2.79","LP285379-6","STATUS","ACTIVE","INACTIVE",""
"2.79","LP285380-4","STATUS","ACTIVE","INACTIVE",""
"2.79","LP285381-2","STATUS","ACTIVE","INACTIVE",""
"2.79","LP285382-0","STATUS","ACTIVE","INACTIVE",""
"2.79","LP285383-8","STATUS","ACTIVE","INACTIVE",""
"2.79","LP285385-3","STATUS","ACTIVE","INACTIVE",""
"2.79","LP285386-1","STATUS","ACTIVE","INACTIVE",""
"2.79","LP285387-9","STATUS","ACTIVE","INACTIVE",""
"2.79","LP285388-7","STATUS","ACTIVE","INACTIVE",""
"2.79","LP285389-5","STATUS","ACTIVE","INACTIVE",""
"2.79","LP285390-3","STATUS","ACTIVE","INACTIVE",""
"2.79","LP285391-1","STATUS","ACTIVE","INACTIVE",""
"2.79","LP285392-9","STATUS","ACTIVE","INACTIVE",""
"2.79","LP285393-7","STATUS","ACTIVE","INACTIVE",""
"2.79","LP285394-5","STATUS","ACTIVE","INACTIVE",""
"2.79","LP285395-2","STATUS","ACTIVE","INACTIVE",""
"2.79","LP285396-0","STATUS","ACTIVE","INACTIVE",""
"2.79","LP285397-8","STATUS","ACTIVE","INACTIVE",""
"2.79","LP285398-6","STATUS","ACTIVE","INACTIVE",""
"2.79","LP285399-4","STATUS","ACTIVE","INACTIVE",""
"2.79","LP285400-0","STATUS","ACTIVE","INACTIVE",""
"2.79","LP285401-8","STATUS","ACTIVE","INACTIVE",""
"2.79","LP285402-6","STATUS","ACTIVE","INACTIVE",""
"2.79","LP285403-4","STATUS","ACTIVE","INACTIVE",""
"2.79","LP285404-2","STATUS","ACTIVE","INACTIVE",""
"2.79","LP285405-9","STATUS","ACTIVE","INACTIVE",""
"2.79","LP285406-7","STATUS","ACTIVE","INACTIVE",""
"2.79","LP285407-5","STATUS","ACTIVE","INACTIVE",""
"2.79","LP285408-3","STATUS","ACTIVE","INACTIVE",""
"2.79","LP285409-1","STATUS","ACTIVE","INACTIVE",""
"2.79","LP285410-9","STATUS","ACTIVE","INACTIVE",""
"2.79","LP285411-7","STATUS","ACTIVE","INACTIVE",""
"2.79","LP285412-5","STATUS","ACTIVE","INACTIVE",""
"2.79","LP285413-3","STATUS","ACTIVE","INACTIVE",""
"2.79","LP285414-1","STATUS","ACTIVE","INACTIVE",""
"2.79","LP285415-8","STATUS","ACTIVE","INACTIVE",""
"2.79","LP285416-6","STATUS","ACTIVE","INACTIVE",""
"2.79","LP285418-2","STATUS","ACTIVE","INACTIVE",""
"2.79","LP285419-0","STATUS","ACTIVE","INACTIVE",""
"2.79","LP285420-8","STATUS","ACTIVE","INACTIVE",""
"2.79","LP285421-6","STATUS","ACTIVE","INACTIVE",""
"2.79","LP285422-4","STATUS","ACTIVE","INACTIVE",""
"2.79","LP285423-2","STATUS","ACTIVE","INACTIVE",""
"2.79","LP285425-7","STATUS","ACTIVE","INACTIVE",""
"2.79","LP285426-5","STATUS","ACTIVE","INACTIVE",""
"2.79","LP285427-3","STATUS","ACTIVE","INACTIVE",""
"2.79","LP285428-1","STATUS","ACTIVE","INACTIVE",""
"2.79","LP285429-9","STATUS","ACTIVE","INACTIVE",""
"2.79","LP285430-7","STATUS","ACTIVE","INACTIVE",""
"2.79","LP285431-5","STATUS","ACTIVE","INACTIVE",""
"2.79","LP285432-3","STATUS","ACTIVE","INACTIVE",""
"2.79","LP285433-1","STATUS","ACTIVE","INACTIVE",""
"2.79","LP285434-9","STATUS","ACTIVE","INACTIVE",""
"2.79","LP285435-6","STATUS","ACTIVE","INACTIVE",""
"2.79","LP285437-2","STATUS","ACTIVE","INACTIVE",""
"2.79","LP285438-0","STATUS","ACTIVE","INACTIVE",""
"2.79","LP285439-8","STATUS","ACTIVE","INACTIVE",""
"2.79","LP285440-6","STATUS","ACTIVE","INACTIVE",""
"2.79","LP285441-4","STATUS","ACTIVE","INACTIVE",""
"2.79","LP285442-2","STATUS","ACTIVE","INACTIVE",""
"2.79","LP285443-0","STATUS","ACTIVE","INACTIVE",""
"2.79","LP285444-8","STATUS","ACTIVE","INACTIVE",""
"2.79","LP285445-5","STATUS","ACTIVE","INACTIVE",""
"2.79","LP285446-3","STATUS","ACTIVE","INACTIVE",""
"2.79","LP285447-1","STATUS","ACTIVE","INACTIVE",""
"2.79","LP285448-9","STATUS","ACTIVE","INACTIVE",""
"2.79","LP285449-7","STATUS","ACTIVE","INACTIVE",""
"2.79","LP285450-5","STATUS","ACTIVE","INACTIVE",""
"2.79","LP285451-3","STATUS","ACTIVE","INACTIVE",""
"2.79","LP285452-1","STATUS","ACTIVE","INACTIVE",""
"2.79","LP285453-9","STATUS","ACTIVE","INACTIVE",""
"2.79","LP285454-7","STATUS","ACTIVE","INACTIVE",""
"2.79","LP285455-4","STATUS","ACTIVE","INACTIVE",""
"2.79","LP285456-2","STATUS","ACTIVE","INACTIVE",""
"2.79","LP285457-0","STATUS","ACTIVE","INACTIVE",""
"2.79","LP285459-6","STATUS","ACTIVE","INACTIVE",""
"2.79","LP285460-4","STATUS","ACTIVE","INACTIVE",""
"2.79","LP285461-2","STATUS","ACTIVE","INACTIVE",""
"2.79","LP285462-0","STATUS","ACTIVE","INACTIVE",""
"2.79","LP285463-8","STATUS","ACTIVE","INACTIVE",""
"2.79","LP285465-3","STATUS","ACTIVE","INACTIVE",""
"2.79","LP285466-1","STATUS","ACTIVE","INACTIVE",""
"2.79","LP285467-9","STATUS","ACTIVE","INACTIVE",""
"2.79","LP285468-7","STATUS","ACTIVE","INACTIVE",""
"2.79","LP285469-5","STATUS","ACTIVE","INACTIVE",""
"2.79","LP285471-1","STATUS","ACTIVE","INACTIVE",""
"2.79","LP285472-9","STATUS","ACTIVE","INACTIVE",""
"2.79","LP285473-7","STATUS","ACTIVE","INACTIVE",""
"2.79","LP285474-5","STATUS","ACTIVE","INACTIVE",""
"2.79","LP285475-2","STATUS","ACTIVE","INACTIVE",""
"2.79","LP285476-0","STATUS","ACTIVE","INACTIVE",""
"2.79","LP285477-8","STATUS","ACTIVE","INACTIVE",""
"2.79","LP285478-6","STATUS","ACTIVE","INACTIVE",""
"2.79","LP285479-4","STATUS","ACTIVE","INACTIVE",""
"2.79","LP285480-2","STATUS","ACTIVE","INACTIVE",""
"2.79","LP285481-0","STATUS","ACTIVE","INACTIVE",""
"2.79","LP285482-8","STATUS","ACTIVE","INACTIVE",""
"2.79","LP285483-6","STATUS","ACTIVE","INACTIVE",""
"2.79","LP285484-4","STATUS","ACTIVE","INACTIVE",""
"2.79","LP285485-1","STATUS","ACTIVE","INACTIVE",""
"2.79","LP285486-9","STATUS","ACTIVE","INACTIVE",""
"2.79","LP285487-7","STATUS","ACTIVE","INACTIVE",""
"2.79","LP285489-3","STATUS","ACTIVE","INACTIVE",""
"2.79","LP285490-1","STATUS","ACTIVE","INACTIVE",""
"2.79","LP285491-9","STATUS","ACTIVE","INACTIVE",""
"2.79","LP285492-7","STATUS","ACTIVE","INACTIVE",""
"2.79","LP285493-5","STATUS","ACTIVE","INACTIVE",""
"2.79","LP285495-0","STATUS","ACTIVE","INACTIVE",""
"2.79","LP285499-2","STATUS","ACTIVE","INACTIVE",""
"2.79","LP285500-7","STATUS","ACTIVE","INACTIVE",""
"2.79","LP285501-5","STATUS","ACTIVE","INACTIVE",""
"2.79","LP285503-1","STATUS","ACTIVE","INACTIVE",""
"2.79","LP285505-6","STATUS","ACTIVE","INACTIVE",""
"2.79","LP285507-2","STATUS","ACTIVE","INACTIVE",""
"2.79","LP285508-0","STATUS","ACTIVE","INACTIVE",""
"2.79","LP285509-8","STATUS","ACTIVE","INACTIVE",""
"2.79","LP285510-6","STATUS","ACTIVE","INACTIVE",""
"2.79","LP285511-4","STATUS","ACTIVE","INACTIVE",""
"2.79","LP285512-2","STATUS","ACTIVE","INACTIVE",""
"2.79","LP285513-0","STATUS","ACTIVE","INACTIVE",""
"2.79","LP285514-8","STATUS","ACTIVE","INACTIVE",""
"2.79","LP285515-5","STATUS","ACTIVE","INACTIVE",""
"2.79","LP285516-3","STATUS","ACTIVE","INACTIVE",""
"2.79","LP285517-1","STATUS","ACTIVE","INACTIVE",""
"2.79","LP285518-9","STATUS","ACTIVE","INACTIVE",""
"2.79","LP285519-7","STATUS","ACTIVE","INACTIVE",""
"2.79","LP285520-5","STATUS","ACTIVE","INACTIVE",""
"2.79","LP285521-3","STATUS","ACTIVE","INACTIVE",""
"2.79","LP285522-1","STATUS","ACTIVE","INACTIVE",""
"2.79","LP285523-9","STATUS","ACTIVE","INACTIVE",""
"2.79","LP285524-7","STATUS","ACTIVE","INACTIVE",""
"2.79","LP285525-4","STATUS","ACTIVE","INACTIVE",""
"2.79","LP285526-2","STATUS","ACTIVE","INACTIVE",""
"2.79","LP285527-0","STATUS","ACTIVE","INACTIVE",""
"2.79","LP285528-8","STATUS","ACTIVE","INACTIVE",""
"2.79","LP285529-6","STATUS","ACTIVE","INACTIVE",""
"2.79","LP285530-4","STATUS","ACTIVE","INACTIVE",""
"2.79","LP285532-0","STATUS","ACTIVE","INACTIVE",""
"2.79","LP285533-8","STATUS","ACTIVE","INACTIVE",""
"2.79","LP285534-6","STATUS","ACTIVE","INACTIVE",""
"2.79","LP285535-3","STATUS","ACTIVE","INACTIVE",""
"2.79","LP285536-1","STATUS","ACTIVE","INACTIVE",""
"2.79","LP285537-9","STATUS","ACTIVE","INACTIVE",""
"2.79","LP285538-7","STATUS","ACTIVE","INACTIVE",""
"2.79","LP285539-5","STATUS","ACTIVE","INACTIVE",""
"2.79","LP285540-3","STATUS","ACTIVE","INACTIVE",""
"2.79","LP285541-1","STATUS","ACTIVE","INACTIVE",""
"2.79","LP285542-9","STATUS","ACTIVE","INACTIVE",""
"2.79","LP285543-7","STATUS","ACTIVE","INACTIVE",""
"2.79","LP285544-5","STATUS","ACTIVE","INACTIVE",""
"2.79","LP285545-2","STATUS","ACTIVE","INACTIVE",""
"2.79","LP285546-0","STATUS","ACTIVE","INACTIVE",""
"2.79","LP285547-8","STATUS","ACTIVE","INACTIVE",""
"2.79","LP285549-4","STATUS","ACTIVE","INACTIVE",""
"2.79","LP285550-2","STATUS","ACTIVE","INACTIVE",""
"2.79","LP285551-0","STATUS","ACTIVE","INACTIVE",""
"2.79","LP285552-8","STATUS","ACTIVE","INACTIVE",""
"2.79","LP285553-6","STATUS","ACTIVE","INACTIVE",""
"2.79","LP285554-4","STATUS","ACTIVE","INACTIVE",""
"2.79","LP285555-1","STATUS","ACTIVE","INACTIVE",""
"2.79","LP285556-9","STATUS","ACTIVE","INACTIVE",""
"2.79","LP285557-7","STATUS","ACTIVE","INACTIVE",""
"2.79","LP285558-5","STATUS","ACTIVE","INACTIVE",""
"2.79","LP285559-3","STATUS","ACTIVE","INACTIVE",""
"2.79","LP285560-1","STATUS","ACTIVE","INACTIVE",""
"2.79","LP285561-9","STATUS","ACTIVE","INACTIVE",""
"2.79","LP285562-7","STATUS","ACTIVE","INACTIVE",""
"2.79","LP285565-0","STATUS","ACTIVE","INACTIVE",""
"2.79","LP285566-8","STATUS","ACTIVE","INACTIVE",""
"2.79","LP285567-6","STATUS","ACTIVE","INACTIVE",""
"2.79","LP285568-4","STATUS","ACTIVE","INACTIVE",""
"2.79","LP285569-2","STATUS","ACTIVE","INACTIVE",""
"2.79","LP285570-0","STATUS","ACTIVE","INACTIVE",""
"2.79","LP285571-8","STATUS","ACTIVE","INACTIVE",""
"2.79","LP285572-6","STATUS","ACTIVE","INACTIVE",""
"2.79","LP285573-4","STATUS","ACTIVE","INACTIVE",""
"2.79","LP285574-2","STATUS","ACTIVE","INACTIVE",""
"2.79","LP285575-9","STATUS","ACTIVE","INACTIVE",""
"2.79","LP285576-7","STATUS","ACTIVE","INACTIVE",""
"2.79","LP285577-5","STATUS","ACTIVE","INACTIVE",""
"2.79","LP285578-3","STATUS","ACTIVE","INACTIVE",""
"2.79","LP285579-1","STATUS","ACTIVE","INACTIVE",""
"2.79","LP285580-9","STATUS","ACTIVE","INACTIVE",""
"2.79","LP285581-7","STATUS","ACTIVE","INACTIVE",""
"2.79","LP285582-5","STATUS","ACTIVE","INACTIVE",""
"2.79","LP285583-3","STATUS","ACTIVE","INACTIVE",""
"2.79","LP285584-1","STATUS","ACTIVE","INACTIVE",""
"2.79","LP285585-8","STATUS","ACTIVE","INACTIVE",""
"2.79","LP285586-6","STATUS","ACTIVE","INACTIVE",""
"2.79","LP285587-4","STATUS","ACTIVE","INACTIVE",""
"2.79","LP285588-2","STATUS","ACTIVE","INACTIVE",""
"2.79","LP285590-8","STATUS","ACTIVE","INACTIVE",""
"2.79","LP285591-6","STATUS","ACTIVE","INACTIVE",""
"2.79","LP285592-4","STATUS","ACTIVE","INACTIVE",""
"2.79","LP285593-2","STATUS","ACTIVE","INACTIVE",""
"2.79","LP285594-0","STATUS","ACTIVE","INACTIVE",""
"2.79","LP285595-7","STATUS","ACTIVE","INACTIVE",""
"2.79","LP285596-5","STATUS","ACTIVE","INACTIVE",""
"2.79","LP285597-3","STATUS","ACTIVE","INACTIVE",""
"2.79","LP285598-1","STATUS","ACTIVE","INACTIVE",""
"2.79","LP285599-9","STATUS","ACTIVE","INACTIVE",""
"2.79","LP285600-5","STATUS","ACTIVE","INACTIVE",""
"2.79","LP285602-1","STATUS","ACTIVE","INACTIVE",""
"2.79","LP285604-7","STATUS","ACTIVE","INACTIVE",""
"2.79","LP285605-4","STATUS","ACTIVE","INACTIVE",""
"2.79","LP285606-2","STATUS","ACTIVE","INACTIVE",""
"2.79","LP285607-0","STATUS","ACTIVE","INACTIVE",""
"2.79","LP285608-8","STATUS","ACTIVE","INACTIVE",""
"2.79","LP285609-6","STATUS","ACTIVE","INACTIVE",""
"2.79","LP285610-4","STATUS","ACTIVE","INACTIVE",""
"2.79","LP285611-2","STATUS","ACTIVE","INACTIVE",""
"2.79","LP285612-0","STATUS","ACTIVE","INACTIVE",""
"2.79","LP285613-8","STATUS","ACTIVE","INACTIVE",""
"2.79","LP285614-6","STATUS","ACTIVE","INACTIVE",""
"2.79","LP285615-3","STATUS","ACTIVE","INACTIVE",""
"2.79","LP285616-1","STATUS","ACTIVE","INACTIVE",""
"2.79","LP285617-9","STATUS","ACTIVE","INACTIVE",""
"2.79","LP285618-7","STATUS","ACTIVE","INACTIVE",""
"2.79","LP285619-5","STATUS","ACTIVE","INACTIVE",""
"2.79","LP285620-3","STATUS","ACTIVE","INACTIVE",""
"2.79","LP285621-1","STATUS","ACTIVE","INACTIVE",""
"2.79","LP285622-9","STATUS","ACTIVE","INACTIVE",""
"2.79","LP285623-7","STATUS","ACTIVE","INACTIVE",""
"2.79","LP285624-5","STATUS","ACTIVE","INACTIVE",""
"2.79","LP285625-2","STATUS","ACTIVE","INACTIVE",""
"2.79","LP285626-0","STATUS","ACTIVE","INACTIVE",""
"2.79","LP285627-8","STATUS","ACTIVE","INACTIVE",""
"2.79","LP285628-6","STATUS","ACTIVE","INACTIVE",""
"2.79","LP285629-4","STATUS","ACTIVE","INACTIVE",""
"2.79","LP285630-2","STATUS","ACTIVE","INACTIVE",""
"2.79","LP285631-0","STATUS","ACTIVE","INACTIVE",""
"2.79","LP285632-8","STATUS","ACTIVE","INACTIVE",""
"2.79","LP285633-6","STATUS","ACTIVE","INACTIVE",""
"2.79","LP285634-4","STATUS","ACTIVE","INACTIVE",""
"2.79","LP285635-1","STATUS","ACTIVE","INACTIVE",""
"2.79","LP285636-9","STATUS","ACTIVE","INACTIVE",""
"2.79","LP285637-7","STATUS","ACTIVE","INACTIVE",""
"2.79","LP285646-8","STATUS","ACTIVE","INACTIVE",""
"2.79","LP285647-6","STATUS","ACTIVE","INACTIVE",""
"2.79","LP285648-4","STATUS","ACTIVE","INACTIVE",""
"2.79","LP285649-2","STATUS","ACTIVE","INACTIVE",""
"2.79","LP285650-0","STATUS","ACTIVE","INACTIVE",""
"2.79","LP285651-8","STATUS","ACTIVE","INACTIVE",""
"2.79","LP285652-6","STATUS","ACTIVE","INACTIVE",""
"2.79","LP285653-4","STATUS","ACTIVE","INACTIVE",""
"2.79","LP285654-2","STATUS","ACTIVE","INACTIVE",""
"2.79","LP285655-9","STATUS","ACTIVE","INACTIVE",""
"2.79","LP285656-7","STATUS","ACTIVE","INACTIVE",""
"2.79","LP285657-5","STATUS","ACTIVE","INACTIVE",""
"2.79","LP285658-3","STATUS","ACTIVE","INACTIVE",""
"2.79","LP285659-1","STATUS","ACTIVE","INACTIVE",""
"2.79","LP285660-9","STATUS","ACTIVE","INACTIVE",""
"2.79","LP285662-5","STATUS","ACTIVE","INACTIVE",""
"2.79","LP285663-3","STATUS","ACTIVE","INACTIVE",""
"2.79","LP285664-1","STATUS","ACTIVE","INACTIVE",""
"2.79","LP285665-8","STATUS","ACTIVE","INACTIVE",""
"2.79","LP285666-6","STATUS","ACTIVE","INACTIVE",""
"2.79","LP285667-4","STATUS","ACTIVE","INACTIVE",""
"2.79","LP285668-2","STATUS","ACTIVE","INACTIVE",""
"2.79","LP285670-8","STATUS","ACTIVE","INACTIVE",""
"2.79","LP285671-6","STATUS","ACTIVE","INACTIVE",""
"2.79","LP285673-2","STATUS","ACTIVE","INACTIVE",""
"2.79","LP285674-0","STATUS","ACTIVE","INACTIVE",""
"2.79","LP285676-5","STATUS","ACTIVE","INACTIVE",""
"2.79","LP285679-9","STATUS","ACTIVE","INACTIVE",""
"2.79","LP285681-5","STATUS","ACTIVE","INACTIVE",""
"2.79","LP285682-3","STATUS","ACTIVE","INACTIVE",""
"2.79","LP285684-9","STATUS","ACTIVE","INACTIVE",""
"2.79","LP285685-6","STATUS","ACTIVE","INACTIVE",""
"2.79","LP285686-4","STATUS","ACTIVE","INACTIVE",""
"2.79","LP285711-0","STATUS","ACTIVE","INACTIVE",""
"2.79","LP285712-8","STATUS","ACTIVE","INACTIVE",""
"2.79","LP285713-6","STATUS","ACTIVE","INACTIVE",""
"2.79","LP285714-4","STATUS","ACTIVE","INACTIVE",""
"2.79","LP285715-1","STATUS","ACTIVE","INACTIVE",""
"2.79","LP285716-9","STATUS","ACTIVE","INACTIVE",""
"2.79","LP285718-5","STATUS","ACTIVE","INACTIVE",""
"2.79","LP285719-3","STATUS","ACTIVE","INACTIVE",""
"2.79","LP285720-1","STATUS","ACTIVE","INACTIVE",""
"2.79","LP285764-9","STATUS","ACTIVE","INACTIVE",""
"2.79","LP285795-3","STATUS","ACTIVE","INACTIVE",""
"2.79","LP285856-3","STATUS","ACTIVE","INACTIVE",""
"2.79","LP285958-7","STATUS","ACTIVE","INACTIVE",""
"2.79","LP285959-5","STATUS","ACTIVE","INACTIVE",""
"2.79","LP285960-3","STATUS","ACTIVE","INACTIVE",""
"2.79","LP285963-7","STATUS","ACTIVE","INACTIVE",""
"2.79","LP285964-5","STATUS","ACTIVE","INACTIVE",""
"2.79","LP285969-4","STATUS","ACTIVE","INACTIVE",""
"2.79","LP285970-2","STATUS","ACTIVE","INACTIVE",""
"2.79","LP285971-0","STATUS","ACTIVE","INACTIVE",""
"2.79","LP285980-1","STATUS","ACTIVE","INACTIVE",""
"2.79","LP285981-9","STATUS","ACTIVE","INACTIVE",""
"2.79","LP285982-7","STATUS","ACTIVE","INACTIVE",""
"2.79","LP285983-5","STATUS","ACTIVE","INACTIVE",""
"2.79","LP285984-3","STATUS","ACTIVE","INACTIVE",""
"2.79","LP285985-0","STATUS","ACTIVE","INACTIVE",""
"2.79","LP285986-8","STATUS","ACTIVE","INACTIVE",""
"2.79","LP285987-6","STATUS","ACTIVE","INACTIVE",""
"2.79","LP285988-4","STATUS","ACTIVE","INACTIVE",""
"2.79","LP285991-8","STATUS","ACTIVE","INACTIVE",""
"2.79","LP285992-6","STATUS","ACTIVE","INACTIVE",""
"2.79","LP285993-4","STATUS","ACTIVE","INACTIVE",""
"2.79","LP285995-9","STATUS","ACTIVE","INACTIVE",""
"2.79","LP285997-5","STATUS","ACTIVE","INACTIVE",""
"2.79","LP286126-0","STATUS","ACTIVE","INACTIVE",""
"2.79","LP286127-8","STATUS","ACTIVE","INACTIVE",""
"2.79","LP286128-6","STATUS","ACTIVE","INACTIVE",""
"2.79","LP286129-4","STATUS","ACTIVE","INACTIVE",""
"2.79","LP286130-2","STATUS","ACTIVE","INACTIVE",""
"2.79","LP286138-5","STATUS","ACTIVE","INACTIVE",""
"2.79","LP286142-7","STATUS","ACTIVE","INACTIVE",""
"2.79","LP286195-5","STATUS","ACTIVE","INACTIVE",""
"2.79","LP286214-4","STATUS","ACTIVE","INACTIVE",""
"2.79","LP286215-1","STATUS","ACTIVE","INACTIVE",""
"2.79","LP286235-9","STATUS","ACTIVE","INACTIVE",""
"2.79","LP286262-3","STATUS","ACTIVE","INACTIVE",""
"2.79","LP286347-2","STATUS","ACTIVE","INACTIVE",""
"2.79","LP286361-3","STATUS","ACTIVE","INACTIVE",""
"2.79","LP286363-9","STATUS","ACTIVE","INACTIVE",""
"2.79","LP286364-7","STATUS","ACTIVE","INACTIVE",""
"2.79","LP286365-4","STATUS","ACTIVE","INACTIVE",""
"2.79","LP286389-4","STATUS","ACTIVE","INACTIVE",""
"2.79","LP286406-6","STATUS","ACTIVE","INACTIVE",""
"2.79","LP286407-4","STATUS","ACTIVE","INACTIVE",""
"2.79","LP286423-1","STATUS","ACTIVE","INACTIVE",""
"2.79","LP286424-9","STATUS","ACTIVE","INACTIVE",""
"2.79","LP286428-0","STATUS","ACTIVE","INACTIVE",""
"2.79","LP286429-8","STATUS","ACTIVE","INACTIVE",""
"2.79","LP286430-6","STATUS","ACTIVE","INACTIVE",""
"2.79","LP286431-4","STATUS","ACTIVE","INACTIVE",""
"2.79","LP286432-2","STATUS","ACTIVE","INACTIVE",""
"2.79","LP286433-0","STATUS","ACTIVE","INACTIVE",""
"2.79","LP286434-8","STATUS","ACTIVE","INACTIVE",""
"2.79","LP286435-5","STATUS","ACTIVE","INACTIVE",""
"2.79","LP286436-3","STATUS","ACTIVE","INACTIVE",""
"2.79","LP286437-1","STATUS","ACTIVE","INACTIVE",""
"2.79","LP286438-9","STATUS","ACTIVE","INACTIVE",""
"2.79","LP286439-7","STATUS","ACTIVE","INACTIVE",""
"2.79","LP286440-5","STATUS","ACTIVE","INACTIVE",""
"2.79","LP286441-3","STATUS","ACTIVE","INACTIVE",""
"2.79","LP286442-1","STATUS","ACTIVE","INACTIVE",""
"2.79","LP286443-9","STATUS","ACTIVE","INACTIVE",""
"2.79","LP286444-7","STATUS","ACTIVE","INACTIVE",""
"2.79","LP286445-4","STATUS","ACTIVE","INACTIVE",""
"2.79","LP286447-0","STATUS","ACTIVE","INACTIVE",""
"2.79","LP286450-4","STATUS","ACTIVE","INACTIVE",""
"2.79","LP286451-2","STATUS","ACTIVE","INACTIVE",""
"2.79","LP286457-9","STATUS","ACTIVE","INACTIVE",""
"2.79","LP286458-7","STATUS","ACTIVE","INACTIVE",""
"2.79","LP286459-5","STATUS","ACTIVE","INACTIVE",""
"2.79","LP286464-5","STATUS","ACTIVE","INACTIVE",""
"2.79","LP286465-2","STATUS","ACTIVE","INACTIVE",""
"2.79","LP286480-1","STATUS","ACTIVE","INACTIVE",""
"2.79","LP286483-5","STATUS","ACTIVE","INACTIVE",""
"2.79","LP286484-3","STATUS","ACTIVE","INACTIVE",""
"2.79","LP286485-0","STATUS","ACTIVE","INACTIVE",""
"2.79","LP286486-8","STATUS","ACTIVE","INACTIVE",""
"2.79","LP286487-6","STATUS","ACTIVE","INACTIVE",""
"2.79","LP286494-2","STATUS","ACTIVE","INACTIVE",""
"2.79","LP286495-9","STATUS","ACTIVE","INACTIVE",""
"2.79","LP286500-6","STATUS","ACTIVE","INACTIVE",""
"2.79","LP286501-4","STATUS","ACTIVE","INACTIVE",""
"2.79","LP286502-2","STATUS","ACTIVE","INACTIVE",""
"2.79","LP286539-4","STATUS","ACTIVE","INACTIVE",""
"2.79","LP286540-2","STATUS","ACTIVE","INACTIVE",""
"2.79","LP286551-9","STATUS","ACTIVE","INACTIVE",""
"2.79","LP286553-5","STATUS","ACTIVE","INACTIVE",""
"2.79","LP286554-3","STATUS","ACTIVE","INACTIVE",""
"2.79","LP286555-0","STATUS","ACTIVE","INACTIVE",""
"2.79","LP286556-8","STATUS","ACTIVE","INACTIVE",""
"2.79","LP286557-6","STATUS","ACTIVE","INACTIVE",""
"2.79","LP286558-4","STATUS","ACTIVE","INACTIVE",""
"2.79","LP286560-0","STATUS","ACTIVE","INACTIVE",""
"2.79","LP286563-4","STATUS","ACTIVE","INACTIVE",""
"2.79","LP286566-7","STATUS","ACTIVE","INACTIVE",""
"2.79","LP286567-5","STATUS","ACTIVE","INACTIVE",""
"2.79","LP286568-3","STATUS","ACTIVE","INACTIVE",""
"2.79","LP286570-9","STATUS","ACTIVE","INACTIVE",""
"2.79","LP286586-5","STATUS","ACTIVE","INACTIVE",""
"2.79","LP286588-1","STATUS","ACTIVE","INACTIVE",""
"2.79","LP286589-9","STATUS","ACTIVE","INACTIVE",""
"2.79","LP286590-7","STATUS","ACTIVE","INACTIVE",""
"2.79","LP286591-5","STATUS","ACTIVE","INACTIVE",""
"2.79","LP286592-3","STATUS","ACTIVE","INACTIVE",""
"2.79","LP286595-6","STATUS","ACTIVE","INACTIVE",""
"2.79","LP286639-2","STATUS","ACTIVE","INACTIVE",""
"2.79","LP286643-4","STATUS","ACTIVE","INACTIVE",""
"2.79","LP286644-2","STATUS","ACTIVE","INACTIVE",""
"2.79","LP286646-7","STATUS","ACTIVE","INACTIVE",""
"2.79","LP286647-5","STATUS","ACTIVE","INACTIVE",""
"2.79","LP286649-1","STATUS","ACTIVE","INACTIVE",""
"2.79","LP286650-9","STATUS","ACTIVE","INACTIVE",""
"2.79","LP286652-5","STATUS","ACTIVE","INACTIVE",""
"2.79","LP286654-1","STATUS","ACTIVE","INACTIVE",""
"2.79","LP286671-5","STATUS","ACTIVE","INACTIVE",""
"2.79","LP286672-3","STATUS","ACTIVE","INACTIVE",""
"2.79","LP286673-1","STATUS","ACTIVE","INACTIVE",""
"2.79","LP286685-5","STATUS","ACTIVE","INACTIVE",""
"2.79","LP286686-3","STATUS","ACTIVE","INACTIVE",""
"2.79","LP286687-1","STATUS","ACTIVE","INACTIVE",""
"2.79","LP286688-9","STATUS","ACTIVE","INACTIVE",""
"2.79","LP286689-7","STATUS","ACTIVE","INACTIVE",""
"2.79","LP286690-5","STATUS","ACTIVE","INACTIVE",""
"2.79","LP286700-2","STATUS","ACTIVE","INACTIVE",""
"2.79","LP286741-6","STATUS","ACTIVE","INACTIVE",""
"2.79","LP286743-2","STATUS","ACTIVE","INACTIVE",""
"2.79","LP286744-0","STATUS","ACTIVE","INACTIVE",""
"2.79","LP286759-8","STATUS","ACTIVE","INACTIVE",""
"2.79","LP286822-4","STATUS","ACTIVE","INACTIVE",""
"2.79","LP286834-9","STATUS","ACTIVE","INACTIVE",""
"2.79","LP286835-6","STATUS","ACTIVE","INACTIVE",""
"2.79","LP286836-4","STATUS","ACTIVE","INACTIVE",""
"2.79","LP286837-2","STATUS","ACTIVE","INACTIVE",""
"2.79","LP286838-0","STATUS","ACTIVE","INACTIVE",""
"2.79","LP286839-8","STATUS","ACTIVE","INACTIVE",""
"2.79","LP286844-8","STATUS","ACTIVE","INACTIVE",""
"2.79","LP286846-3","STATUS","ACTIVE","INACTIVE",""
"2.79","LP286852-1","STATUS","ACTIVE","INACTIVE",""
"2.79","LP286908-1","STATUS","ACTIVE","INACTIVE",""
"2.79","LP286911-5","STATUS","ACTIVE","INACTIVE",""
"2.79","LP286912-3","STATUS","ACTIVE","INACTIVE",""
"2.79","LP286913-1","STATUS","ACTIVE","INACTIVE",""
"2.79","LP286916-4","STATUS","ACTIVE","INACTIVE",""
"2.79","LP286965-1","STATUS","ACTIVE","INACTIVE",""
"2.79","LP286977-6","STATUS","ACTIVE","INACTIVE",""
"2.79","LP286978-4","STATUS","ACTIVE","INACTIVE",""
"2.79","LP286986-7","STATUS","ACTIVE","INACTIVE",""
"2.79","LP287029-5","STATUS","ACTIVE","INACTIVE",""
"2.79","LP287035-2","STATUS","ACTIVE","INACTIVE",""
"2.79","LP287037-8","STATUS","ACTIVE","INACTIVE",""
"2.79","LP287040-2","STATUS","ACTIVE","INACTIVE",""
"2.79","LP287051-9","STATUS","ACTIVE","INACTIVE",""
"2.79","LP287052-7","STATUS","ACTIVE","INACTIVE",""
"2.79","LP287053-5","STATUS","ACTIVE","INACTIVE",""
"2.79","LP287054-3","STATUS","ACTIVE","INACTIVE",""
"2.79","LP287055-0","STATUS","ACTIVE","INACTIVE",""
"2.79","LP287056-8","STATUS","ACTIVE","INACTIVE",""
"2.79","LP287057-6","STATUS","ACTIVE","INACTIVE",""
"2.79","LP287058-4","STATUS","ACTIVE","INACTIVE",""
"2.79","LP287059-2","STATUS","ACTIVE","INACTIVE",""
"2.79","LP287060-0","STATUS","ACTIVE","INACTIVE",""
"2.79","LP287061-8","STATUS","ACTIVE","INACTIVE",""
"2.79","LP287062-6","STATUS","ACTIVE","INACTIVE",""
"2.79","LP287063-4","STATUS","ACTIVE","INACTIVE",""
"2.79","LP287064-2","STATUS","ACTIVE","INACTIVE",""
"2.79","LP287065-9","STATUS","ACTIVE","INACTIVE",""
"2.79","LP287066-7","STATUS","ACTIVE","INACTIVE",""
"2.79","LP287067-5","STATUS","ACTIVE","INACTIVE",""
"2.79","LP287068-3","STATUS","ACTIVE","INACTIVE",""
"2.79","LP287069-1","STATUS","ACTIVE","INACTIVE",""
"2.79","LP287070-9","STATUS","ACTIVE","INACTIVE",""
"2.79","LP287071-7","STATUS","ACTIVE","INACTIVE",""
"2.79","LP287072-5","STATUS","ACTIVE","INACTIVE",""
"2.79","LP287073-3","STATUS","ACTIVE","INACTIVE",""
"2.79","LP287074-1","STATUS","ACTIVE","INACTIVE",""
"2.79","LP287075-8","STATUS","ACTIVE","INACTIVE",""
"2.79","LP287076-6","STATUS","ACTIVE","INACTIVE",""
"2.79","LP287077-4","STATUS","ACTIVE","INACTIVE",""
"2.79","LP287078-2","STATUS","ACTIVE","INACTIVE",""
"2.79","LP287079-0","STATUS","ACTIVE","INACTIVE",""
"2.79","LP287080-8","STATUS","ACTIVE","INACTIVE",""
"2.79","LP287081-6","STATUS","ACTIVE","INACTIVE",""
"2.79","LP287082-4","STATUS","ACTIVE","INACTIVE",""
"2.79","LP287083-2","STATUS","ACTIVE","INACTIVE",""
"2.79","LP287084-0","STATUS","ACTIVE","INACTIVE",""
"2.79","LP287085-7","STATUS","ACTIVE","INACTIVE",""
"2.79","LP287086-5","STATUS","ACTIVE","INACTIVE",""
"2.79","LP287087-3","STATUS","ACTIVE","INACTIVE",""
"2.79","LP287088-1","STATUS","ACTIVE","INACTIVE",""
"2.79","LP287089-9","STATUS","ACTIVE","INACTIVE",""
"2.79","LP287090-7","STATUS","ACTIVE","INACTIVE",""
"2.79","LP287091-5","STATUS","ACTIVE","INACTIVE",""
"2.79","LP287092-3","STATUS","ACTIVE","INACTIVE",""
"2.79","LP287093-1","STATUS","ACTIVE","INACTIVE",""
"2.79","LP287094-9","STATUS","ACTIVE","INACTIVE",""
"2.79","LP287096-4","STATUS","ACTIVE","INACTIVE",""
"2.79","LP287097-2","STATUS","ACTIVE","INACTIVE",""
"2.79","LP287099-8","STATUS","ACTIVE","INACTIVE",""
"2.79","LP287100-4","STATUS","ACTIVE","INACTIVE",""
"2.79","LP287101-2","STATUS","ACTIVE","INACTIVE",""
"2.79","LP287102-0","STATUS","ACTIVE","INACTIVE",""
"2.79","LP287103-8","STATUS","ACTIVE","INACTIVE",""
"2.79","LP287104-6","STATUS","ACTIVE","INACTIVE",""
"2.79","LP287105-3","STATUS","ACTIVE","INACTIVE",""
"2.79","LP287106-1","STATUS","ACTIVE","INACTIVE",""
"2.79","LP287107-9","STATUS","ACTIVE","INACTIVE",""
"2.79","LP287108-7","STATUS","ACTIVE","INACTIVE",""
"2.79","LP287109-5","STATUS","ACTIVE","INACTIVE",""
"2.79","LP287110-3","STATUS","ACTIVE","INACTIVE",""
"2.79","LP287111-1","STATUS","ACTIVE","INACTIVE",""
"2.79","LP287112-9","STATUS","ACTIVE","INACTIVE",""
"2.79","LP287113-7","STATUS","ACTIVE","INACTIVE",""
"2.79","LP287114-5","STATUS","ACTIVE","INACTIVE",""
"2.79","LP287115-2","STATUS","ACTIVE","INACTIVE",""
"2.79","LP287116-0","STATUS","ACTIVE","INACTIVE",""
"2.79","LP287117-8","STATUS","ACTIVE","INACTIVE",""
"2.79","LP287118-6","STATUS","ACTIVE","INACTIVE",""
"2.79","LP287119-4","STATUS","ACTIVE","INACTIVE",""
"2.79","LP287120-2","STATUS","ACTIVE","INACTIVE",""
"2.79","LP287121-0","STATUS","ACTIVE","INACTIVE",""
"2.79","LP287122-8","STATUS","ACTIVE","INACTIVE",""
"2.79","LP287123-6","STATUS","ACTIVE","INACTIVE",""
"2.79","LP287124-4","STATUS","ACTIVE","INACTIVE",""
"2.79","LP287125-1","STATUS","ACTIVE","INACTIVE",""
"2.79","LP287126-9","STATUS","ACTIVE","INACTIVE",""
"2.79","LP287127-7","STATUS","ACTIVE","INACTIVE",""
"2.79","LP287128-5","STATUS","ACTIVE","INACTIVE",""
"2.79","LP287129-3","STATUS","ACTIVE","INACTIVE",""
"2.79","LP287130-1","STATUS","ACTIVE","INACTIVE",""
"2.79","LP287131-9","STATUS","ACTIVE","INACTIVE",""
"2.79","LP287132-7","STATUS","ACTIVE","INACTIVE",""
"2.79","LP287133-5","STATUS","ACTIVE","INACTIVE",""
"2.79","LP287146-7","STATUS","ACTIVE","INACTIVE",""
"2.79","LP287167-3","STATUS","ACTIVE","INACTIVE",""
"2.79","LP287325-7","STATUS","ACTIVE","INACTIVE",""
"2.79","LP287326-5","STATUS","ACTIVE","INACTIVE",""
"2.79","LP287328-1","STATUS","ACTIVE","INACTIVE",""
"2.79","LP287369-5","STATUS","ACTIVE","INACTIVE",""
"2.79","LP287370-3","STATUS","ACTIVE","INACTIVE",""
"2.79","LP287371-1","STATUS","ACTIVE","INACTIVE",""
"2.79","LP28866-9","STATUS","ACTIVE","INACTIVE",""
"2.79","LP28867-7","STATUS","ACTIVE","INACTIVE",""
"2.79","LP304486-6","STATUS","ACTIVE","INACTIVE",""
"2.79","LP308093-6","STATUS","ACTIVE","INACTIVE",""
"2.79","LP308094-4","STATUS","ACTIVE","INACTIVE",""
"2.79","LP308095-1","STATUS","ACTIVE","INACTIVE",""
"2.79","LP308096-9","STATUS","ACTIVE","INACTIVE",""
"2.79","LP308097-7","STATUS","ACTIVE","INACTIVE",""
"2.79","LP308098-5","STATUS","ACTIVE","INACTIVE",""
"2.79","LP308099-3","STATUS","ACTIVE","INACTIVE",""
"2.79","LP308100-9","STATUS","ACTIVE","INACTIVE",""
"2.79","LP308101-7","STATUS","ACTIVE","INACTIVE",""
"2.79","LP308102-5","STATUS","ACTIVE","INACTIVE",""
"2.79","LP308103-3","STATUS","ACTIVE","INACTIVE",""
"2.79","LP308104-1","STATUS","ACTIVE","INACTIVE",""
"2.79","LP308110-8","STATUS","ACTIVE","INACTIVE",""
"2.79","LP308111-6","STATUS","ACTIVE","INACTIVE",""
"2.79","LP308112-4","STATUS","ACTIVE","INACTIVE",""
"2.79","LP308113-2","STATUS","ACTIVE","INACTIVE",""
"2.79","LP308118-1","STATUS","ACTIVE","INACTIVE",""
"2.79","LP308144-7","STATUS","ACTIVE","INACTIVE",""
"2.79","LP308145-4","STATUS","ACTIVE","INACTIVE",""
"2.79","LP308200-7","STATUS","ACTIVE","INACTIVE",""
"2.79","LP308201-5","STATUS","ACTIVE","INACTIVE",""
"2.79","LP308202-3","STATUS","ACTIVE","INACTIVE",""
"2.79","LP308203-1","STATUS","ACTIVE","INACTIVE",""
"2.79","LP308625-5","STATUS","ACTIVE","INACTIVE",""
"2.79","LP308626-3","STATUS","ACTIVE","INACTIVE",""
"2.79","LP308627-1","STATUS","ACTIVE","INACTIVE",""
"2.79","LP308646-1","STATUS","ACTIVE","INACTIVE",""
"2.79","LP308647-9","STATUS","ACTIVE","INACTIVE",""
"2.79","LP309844-1","STATUS","ACTIVE","INACTIVE",""
"2.79","LP309946-4","STATUS","ACTIVE","INACTIVE",""
"2.79","LP31686-6","STATUS","ACTIVE","INACTIVE",""
"2.79","LP31957-1","STATUS","ACTIVE","INACTIVE",""
"2.79","LP31962-1","STATUS","ACTIVE","INACTIVE",""
"2.79","LP344913-1","STATUS","ACTIVE","INACTIVE",""
"2.79","LP345118-6","STATUS","ACTIVE","INACTIVE",""
"2.79","LP36942-8","STATUS","ACTIVE","INACTIVE",""
"2.79","LP36954-3","STATUS","ACTIVE","INACTIVE",""
"2.79","LP36972-5","STATUS","ACTIVE","INACTIVE",""
"2.79","LP36976-6","STATUS","ACTIVE","INACTIVE",""
"2.79","LP36977-4","STATUS","ACTIVE","INACTIVE",""
"2.79","LP36989-9","STATUS","ACTIVE","INACTIVE",""
"2.79","LP37017-8","STATUS","ACTIVE","INACTIVE",""
"2.79","LP37018-6","STATUS","ACTIVE","INACTIVE",""
"2.79","LP37038-4","STATUS","ACTIVE","INACTIVE",""
"2.79","LP37079-8","STATUS","ACTIVE","INACTIVE",""
"2.79","LP37080-6","STATUS","ACTIVE","INACTIVE",""
"2.79","LP37140-8","STATUS","ACTIVE","INACTIVE",""
"2.79","LP37193-7","STATUS","ACTIVE","INACTIVE",""
"2.79","LP37198-6","STATUS","ACTIVE","INACTIVE",""
"2.79","LP37231-5","STATUS","ACTIVE","INACTIVE",""
"2.79","LP37268-7","STATUS","ACTIVE","INACTIVE",""
"2.79","LP37328-9","STATUS","ACTIVE","INACTIVE",""
"2.79","LP37382-6","STATUS","ACTIVE","INACTIVE",""
"2.79","LP37412-1","STATUS","ACTIVE","INACTIVE",""
"2.79","LP37445-1","STATUS","ACTIVE","INACTIVE",""
"2.79","LP37457-6","STATUS","ACTIVE","INACTIVE",""
"2.79","LP37507-8","STATUS","ACTIVE","INACTIVE",""
"2.79","LP37576-3","STATUS","ACTIVE","INACTIVE",""
"2.79","LP37732-2","STATUS","ACTIVE","INACTIVE",""
"2.79","LP37834-6","STATUS","ACTIVE","INACTIVE",""
"2.79","LP37840-3","STATUS","ACTIVE","INACTIVE",""
"2.79","LP37844-5","STATUS","ACTIVE","INACTIVE",""
"2.79","LP37858-5","STATUS","ACTIVE","INACTIVE",""
"2.79","LP37866-8","STATUS","ACTIVE","INACTIVE",""
"2.79","LP37927-8","STATUS","ACTIVE","INACTIVE",""
"2.79","LP37928-6","STATUS","ACTIVE","INACTIVE",""
"2.79","LP37950-0","STATUS","ACTIVE","INACTIVE",""
"2.79","LP38028-4","STATUS","ACTIVE","INACTIVE",""
"2.79","LP38029-2","STATUS","ACTIVE","INACTIVE",""
"2.79","LP38049-0","STATUS","ACTIVE","INACTIVE",""
"2.79","LP38051-6","STATUS","ACTIVE","INACTIVE",""
"2.79","LP38101-9","STATUS","ACTIVE","INACTIVE",""
"2.79","LP38112-6","STATUS","ACTIVE","INACTIVE",""
"2.79","LP381425-0","STATUS","ACTIVE","DEPRECATED","Obsolete"
"2.79","LP381426-8","STATUS","ACTIVE","DEPRECATED","Obsolete"
"2.79","LP381427-6","STATUS","ACTIVE","DEPRECATED","Obsolete"
"2.79","LP381441-7","STATUS","ACTIVE","DEPRECATED","Obsolete"
"2.79","LP381442-5","STATUS","ACTIVE","DEPRECATED","Obsolete"
"2.79","LP38168-8","STATUS","ACTIVE","INACTIVE",""
"2.79","LP38172-0","STATUS","ACTIVE","INACTIVE",""
"2.79","LP38175-3","STATUS","ACTIVE","INACTIVE",""
"2.79","LP38287-6","STATUS","ACTIVE","INACTIVE",""
"2.79","LP38308-0","STATUS","ACTIVE","INACTIVE",""
"2.79","LP38309-8","STATUS","ACTIVE","INACTIVE",""
"2.79","LP38385-8","STATUS","ACTIVE","INACTIVE",""
"2.79","LP38420-3","STATUS","ACTIVE","INACTIVE",""
"2.79","LP385416-5","STATUS","ACTIVE","DEPRECATED","Obsolete"
"2.79","LP385417-3","STATUS","ACTIVE","DEPRECATED","Obsolete"
"2.79","LP385418-1","STATUS","ACTIVE","DEPRECATED","Obsolete"
"2.79","LP385419-9","STATUS","ACTIVE","DEPRECATED","Obsolete"
"2.79","LP385420-7","STATUS","ACTIVE","DEPRECATED","Obsolete"
"2.79","LP385421-5","STATUS","ACTIVE","DEPRECATED","Obsolete"
"2.79","LP385422-3","STATUS","ACTIVE","DEPRECATED","Obsolete"
"2.79","LP385423-1","STATUS","ACTIVE","DEPRECATED","Obsolete"
"2.79","LP385424-9","STATUS","ACTIVE","DEPRECATED","Obsolete"
"2.79","LP385425-6","STATUS","ACTIVE","DEPRECATED","Obsolete"
"2.79","LP385426-4","STATUS","ACTIVE","DEPRECATED","Obsolete"
"2.79","LP385427-2","STATUS","ACTIVE","DEPRECATED","Obsolete"
"2.79","LP385428-0","STATUS","ACTIVE","DEPRECATED","Obsolete"
"2.79","LP38549-9","STATUS","ACTIVE","INACTIVE",""
"2.79","LP38571-3","STATUS","ACTIVE","INACTIVE",""
"2.79","LP385913-1","STATUS","ACTIVE","DEPRECATED","Obsolete"
"2.79","LP385914-9","STATUS","ACTIVE","DEPRECATED","Obsolete"
"2.79","LP385915-6","STATUS","ACTIVE","DEPRECATED","Obsolete"
"2.79","LP385916-4","STATUS","ACTIVE","DEPRECATED","Obsolete"
"2.79","LP385917-2","STATUS","ACTIVE","DEPRECATED","Obsolete"
"2.79","LP385918-0","STATUS","ACTIVE","DEPRECATED","Obsolete"
"2.79","LP385919-8","STATUS","ACTIVE","DEPRECATED","Obsolete"
"2.79","LP385920-6","STATUS","ACTIVE","DEPRECATED","Obsolete"
"2.79","LP385921-4","STATUS","ACTIVE","DEPRECATED","Obsolete"
"2.79","LP385923-0","STATUS","ACTIVE","DEPRECATED","Obsolete"
"2.79","LP38603-4","STATUS","ACTIVE","INACTIVE",""
"2.79","LP386345-5","STATUS","ACTIVE","DEPRECATED","Obsolete"
"2.79","LP38639-8","STATUS","ACTIVE","INACTIVE",""
"2.79","LP386541-9","STATUS","ACTIVE","DEPRECATED","Obsolete"
"2.79","LP386542-7","STATUS","ACTIVE","DEPRECATED","Obsolete"
"2.79","LP386543-5","STATUS","ACTIVE","DEPRECATED","Obsolete"
"2.79","LP386544-3","STATUS","ACTIVE","DEPRECATED","Obsolete"
"2.79","LP386545-0","STATUS","ACTIVE","DEPRECATED","Obsolete"
"2.79","LP386546-8","STATUS","ACTIVE","DEPRECATED","Obsolete"
"2.79","LP386547-6","STATUS","ACTIVE","DEPRECATED","Obsolete"
"2.79","LP386548-4","STATUS","ACTIVE","DEPRECATED","Obsolete"
"2.79","LP386549-2","STATUS","ACTIVE","DEPRECATED","Obsolete"
"2.79","LP386550-0","STATUS","ACTIVE","DEPRECATED","Obsolete"
"2.79","LP38861-8","STATUS","ACTIVE","INACTIVE",""
"2.79","LP38878-2","STATUS","ACTIVE","INACTIVE",""
"2.79","LP38934-3","STATUS","ACTIVE","INACTIVE",""
"2.79","LP39019-2","STATUS","ACTIVE","INACTIVE",""
"2.79","LP39020-0","STATUS","ACTIVE","INACTIVE",""
"2.79","LP39021-8","STATUS","ACTIVE","INACTIVE",""
"2.79","LP39048-1","STATUS","ACTIVE","INACTIVE",""
"2.79","LP39058-0","STATUS","ACTIVE","INACTIVE",""
"2.79","LP39059-8","STATUS","ACTIVE","INACTIVE",""
"2.79","LP39075-4","STATUS","ACTIVE","INACTIVE",""
"2.79","LP39114-1","STATUS","ACTIVE","INACTIVE",""
"2.79","LP39115-8","STATUS","ACTIVE","INACTIVE",""
"2.79","LP39116-6","STATUS","ACTIVE","INACTIVE",""
"2.79","LP39149-7","STATUS","ACTIVE","INACTIVE",""
"2.79","LP39185-1","STATUS","ACTIVE","INACTIVE",""
"2.79","LP39210-7","STATUS","ACTIVE","INACTIVE",""
"2.79","LP39231-3","STATUS","ACTIVE","INACTIVE",""
"2.79","LP392450-5","STATUS","ACTIVE","DEPRECATED","Obsolete"
"2.79","LP392451-3","STATUS","ACTIVE","DEPRECATED","Obsolete"
"2.79","LP392480-2","STATUS","ACTIVE","DEPRECATED","Obsolete"
"2.79","LP392481-0","STATUS","ACTIVE","DEPRECATED","Obsolete"
"2.79","LP392482-8","STATUS","ACTIVE","DEPRECATED","Obsolete"
"2.79","LP392483-6","STATUS","ACTIVE","DEPRECATED","Obsolete"
"2.79","LP392484-4","STATUS","ACTIVE","DEPRECATED","Obsolete"
"2.79","LP392485-1","STATUS","ACTIVE","DEPRECATED","Obsolete"
"2.79","LP392486-9","STATUS","ACTIVE","DEPRECATED","Obsolete"
"2.79","LP392487-7","STATUS","ACTIVE","DEPRECATED","Obsolete"
"2.79","LP392488-5","STATUS","ACTIVE","DEPRECATED","Obsolete"
"2.79","LP392489-3","STATUS","ACTIVE","DEPRECATED","Obsolete"
"2.79","LP392490-1","STATUS","ACTIVE","DEPRECATED","Obsolete"
"2.79","LP392491-9","STATUS","ACTIVE","DEPRECATED","Obsolete"
"2.79","LP392492-7","STATUS","ACTIVE","DEPRECATED","Obsolete"
"2.79","LP392494-3","STATUS","ACTIVE","DEPRECATED","Obsolete"
"2.79","LP39277-6","STATUS","ACTIVE","INACTIVE",""
"2.79","LP39304-8","STATUS","ACTIVE","INACTIVE",""
"2.79","LP393163-3","STATUS","ACTIVE","DEPRECATED","Obsolete"
"2.79","LP393164-1","STATUS","ACTIVE","DEPRECATED","Obsolete"
"2.79","LP393165-8","STATUS","ACTIVE","DEPRECATED","Obsolete"
"2.79","LP393166-6","STATUS","ACTIVE","DEPRECATED","Obsolete"
"2.79","LP393167-4","STATUS","ACTIVE","DEPRECATED","Obsolete"
"2.79","LP393245-8","STATUS","ACTIVE","DEPRECATED","Obsolete"
"2.79","LP393347-2","STATUS","ACTIVE","DEPRECATED","Obsolete"
"2.79","LP393349-8","STATUS","ACTIVE","DEPRECATED","Obsolete"
"2.79","LP393352-2","STATUS","ACTIVE","DEPRECATED","Obsolete"
"2.79","LP393353-0","STATUS","ACTIVE","DEPRECATED","Obsolete"
"2.79","LP393354-8","STATUS","ACTIVE","DEPRECATED","Obsolete"
"2.79","LP393356-3","STATUS","ACTIVE","DEPRECATED","Obsolete"
"2.79","LP393357-1","STATUS","ACTIVE","DEPRECATED","Obsolete"
"2.79","LP393358-9","STATUS","ACTIVE","DEPRECATED","Obsolete"
"2.79","LP393360-5","STATUS","ACTIVE","DEPRECATED","Obsolete"
"2.79","LP393361-3","STATUS","ACTIVE","DEPRECATED","Obsolete"
"2.79","LP393362-1","STATUS","ACTIVE","DEPRECATED","Obsolete"
"2.79","LP393394-4","STATUS","ACTIVE","DEPRECATED","Obsolete"
"2.79","LP393902-4","STATUS","ACTIVE","DEPRECATED","Obsolete"
"2.79","LP394011-3","STATUS","ACTIVE","DEPRECATED","Obsolete"
"2.79","LP394012-1","STATUS","ACTIVE","DEPRECATED","Obsolete"
"2.79","LP394013-9","STATUS","ACTIVE","DEPRECATED","Obsolete"
"2.79","LP394014-7","STATUS","ACTIVE","DEPRECATED","Obsolete"
"2.79","LP394015-4","STATUS","ACTIVE","DEPRECATED","Obsolete"
"2.79","LP39404-6","STATUS","ACTIVE","INACTIVE",""
"2.79","LP39422-8","STATUS","ACTIVE","INACTIVE",""
"2.79","LP39442-6","STATUS","ACTIVE","INACTIVE",""
"2.79","LP39492-1","STATUS","ACTIVE","INACTIVE",""
"2.79","LP39498-8","STATUS","ACTIVE","INACTIVE",""
"2.79","LP39550-6","STATUS","ACTIVE","INACTIVE",""
"2.79","LP39558-9","STATUS","ACTIVE","INACTIVE",""
"2.79","LP39601-7","STATUS","ACTIVE","INACTIVE",""
"2.79","LP39627-2","STATUS","ACTIVE","INACTIVE",""
"2.79","LP39634-8","STATUS","ACTIVE","INACTIVE",""
"2.79","LP39687-6","STATUS","ACTIVE","INACTIVE",""
"2.79","LP39704-9","STATUS","ACTIVE","INACTIVE",""
"2.79","LP39720-5","STATUS","ACTIVE","INACTIVE",""
"2.79","LP39739-5","STATUS","ACTIVE","INACTIVE",""
"2.79","LP39826-0","STATUS","ACTIVE","INACTIVE",""
"2.79","LP398979-7","STATUS","ACTIVE","DEPRECATED","Obsolete"
"2.79","LP398980-5","STATUS","ACTIVE","DEPRECATED","Obsolete"
"2.79","LP398981-3","STATUS","ACTIVE","DEPRECATED","Obsolete"
"2.79","LP398983-9","STATUS","ACTIVE","DEPRECATED","Obsolete"
"2.79","LP398985-4","STATUS","ACTIVE","DEPRECATED","Obsolete"
"2.79","LP398986-2","STATUS","ACTIVE","DEPRECATED","Obsolete"
"2.79","LP398987-0","STATUS","ACTIVE","DEPRECATED","Obsolete"
"2.79","LP398988-8","STATUS","ACTIVE","DEPRECATED","Obsolete"
"2.79","LP398989-6","STATUS","ACTIVE","DEPRECATED","Obsolete"
"2.79","LP399175-1","STATUS","ACTIVE","DEPRECATED","Obsolete"
"2.79","LP399184-3","STATUS","ACTIVE","DEPRECATED","Obsolete"
"2.79","LP399195-9","STATUS","ACTIVE","DEPRECATED","Obsolete"
"2.79","LP39922-7","STATUS","ACTIVE","INACTIVE",""
"2.79","LP39930-0","STATUS","ACTIVE","INACTIVE",""
"2.79","LP40026-4","STATUS","ACTIVE","INACTIVE",""
"2.79","LP40051-2","STATUS","ACTIVE","INACTIVE",""
"2.79","LP40082-7","STATUS","ACTIVE","INACTIVE",""
"2.79","LP40098-3","STATUS","ACTIVE","INACTIVE",""
"2.79","LP40116-3","STATUS","ACTIVE","INACTIVE",""
"2.79","LP40122-1","STATUS","ACTIVE","INACTIVE",""
"2.79","LP40140-3","STATUS","ACTIVE","INACTIVE",""
"2.79","LP40216-1","STATUS","ACTIVE","INACTIVE",""
"2.79","LP40229-4","STATUS","ACTIVE","INACTIVE",""
"2.79","LP402537-7","STATUS","ACTIVE","DEPRECATED","Obsolete"
"2.79","LP404131-7","STATUS","ACTIVE","DEPRECATED","Obsolete"
"2.79","LP404132-5","STATUS","ACTIVE","DEPRECATED","Obsolete"
"2.79","LP404133-3","STATUS","ACTIVE","DEPRECATED","Obsolete"
"2.79","LP404134-1","STATUS","ACTIVE","DEPRECATED","Obsolete"
"2.79","LP404135-8","STATUS","ACTIVE","DEPRECATED","Obsolete"
"2.79","LP404136-6","STATUS","ACTIVE","DEPRECATED","Obsolete"
"2.79","LP404138-2","STATUS","ACTIVE","DEPRECATED","Obsolete"
"2.79","LP404139-0","STATUS","ACTIVE","DEPRECATED","Obsolete"
"2.79","LP404140-8","STATUS","ACTIVE","DEPRECATED","Obsolete"
"2.79","LP404141-6","STATUS","ACTIVE","DEPRECATED","Obsolete"
"2.79","LP404142-4","STATUS","ACTIVE","DEPRECATED","Obsolete"
"2.79","LP404143-2","STATUS","ACTIVE","DEPRECATED","Obsolete"
"2.79","LP404144-0","STATUS","ACTIVE","DEPRECATED","Obsolete"
"2.79","LP404145-7","STATUS","ACTIVE","DEPRECATED","Obsolete"
"2.79","LP404146-5","STATUS","ACTIVE","DEPRECATED","Obsolete"
"2.79","LP404147-3","STATUS","ACTIVE","DEPRECATED","Obsolete"
"2.79","LP404148-1","STATUS","ACTIVE","DEPRECATED","Obsolete"
"2.79","LP404149-9","STATUS","ACTIVE","DEPRECATED","Obsolete"
"2.79","LP404150-7","STATUS","ACTIVE","DEPRECATED","Obsolete"
"2.79","LP404151-5","STATUS","ACTIVE","DEPRECATED","Obsolete"
"2.79","LP404153-1","STATUS","ACTIVE","DEPRECATED","Obsolete"
"2.79","LP404154-9","STATUS","ACTIVE","DEPRECATED","Obsolete"
"2.79","LP404155-6","STATUS","ACTIVE","DEPRECATED","Obsolete"
"2.79","LP404156-4","STATUS","ACTIVE","DEPRECATED","Obsolete"
"2.79","LP404157-2","STATUS","ACTIVE","DEPRECATED","Obsolete"
"2.79","LP404158-0","STATUS","ACTIVE","DEPRECATED","Obsolete"
"2.79","LP404159-8","STATUS","ACTIVE","DEPRECATED","Obsolete"
"2.79","LP404160-6","STATUS","ACTIVE","DEPRECATED","Obsolete"
"2.79","LP404168-9","STATUS","ACTIVE","DEPRECATED","Obsolete"
"2.79","LP404169-7","STATUS","ACTIVE","DEPRECATED","Obsolete"
"2.79","LP404170-5","STATUS","ACTIVE","DEPRECATED","Obsolete"
"2.79","LP404171-3","STATUS","ACTIVE","DEPRECATED","Obsolete"
"2.79","LP404172-1","STATUS","ACTIVE","DEPRECATED","Obsolete"
"2.79","LP404174-7","STATUS","ACTIVE","DEPRECATED","Obsolete"
"2.79","LP404175-4","STATUS","ACTIVE","DEPRECATED","Obsolete"
"2.79","LP404176-2","STATUS","ACTIVE","DEPRECATED","Obsolete"
"2.79","LP404177-0","STATUS","ACTIVE","DEPRECATED","Obsolete"
"2.79","LP404178-8","STATUS","ACTIVE","DEPRECATED","Obsolete"
"2.79","LP404179-6","STATUS","ACTIVE","DEPRECATED","Obsolete"
"2.79","LP404180-4","STATUS","ACTIVE","DEPRECATED","Obsolete"
"2.79","LP404181-2","STATUS","ACTIVE","DEPRECATED","Obsolete"
"2.79","LP404183-8","STATUS","ACTIVE","DEPRECATED","Obsolete"
"2.79","LP404184-6","STATUS","ACTIVE","DEPRECATED","Obsolete"
"2.79","LP404185-3","STATUS","ACTIVE","DEPRECATED","Obsolete"
"2.79","LP404186-1","STATUS","ACTIVE","DEPRECATED","Obsolete"
"2.79","LP404187-9","STATUS","ACTIVE","DEPRECATED","Obsolete"
"2.79","LP404188-7","STATUS","ACTIVE","DEPRECATED","Obsolete"
"2.79","LP404189-5","STATUS","ACTIVE","DEPRECATED","Obsolete"
"2.79","LP404272-9","STATUS","ACTIVE","DEPRECATED","Obsolete"
"2.79","LP404274-5","STATUS","ACTIVE","DEPRECATED","Obsolete"
"2.79","LP410915-5","STATUS","ACTIVE","INACTIVE",""
"2.79","LP410917-1","STATUS","ACTIVE","INACTIVE",""
"2.79","LP410925-4","STATUS","ACTIVE","DEPRECATED","Obsolete"
"2.79","LP411179-7","STATUS","ACTIVE","INACTIVE",""
"2.79","LP411287-8","STATUS","ACTIVE","INACTIVE",""
"2.79","LP411448-6","STATUS","ACTIVE","INACTIVE",""
"2.79","LP411681-2","STATUS","ACTIVE","INACTIVE",""
"2.79","LP416130-5","STATUS","ACTIVE","INACTIVE",""
"2.79","LP417870-5","STATUS","ACTIVE","INACTIVE",""
"2.79","LP418205-3","STATUS","ACTIVE","INACTIVE",""
"2.79","LP418206-1","STATUS","ACTIVE","INACTIVE",""
"2.79","LP418404-2","STATUS","ACTIVE","INACTIVE",""
"2.79","LP418441-4","STATUS","ACTIVE","INACTIVE",""
"2.79","LP418577-5","STATUS","ACTIVE","DEPRECATED","Obsolete"
"2.79","LP419653-3","STATUS","ACTIVE","INACTIVE",""
"2.79","LP419655-8","STATUS","ACTIVE","INACTIVE",""
"2.79","LP419656-6","STATUS","ACTIVE","INACTIVE",""
"2.79","LP419726-7","STATUS","ACTIVE","INACTIVE",""
"2.79","LP420085-5","STATUS","ACTIVE","INACTIVE",""
"2.79","LP420087-1","STATUS","ACTIVE","INACTIVE",""
"2.79","LP420088-9","STATUS","ACTIVE","INACTIVE",""
"2.79","LP420090-5","STATUS","ACTIVE","INACTIVE",""
"2.79","LP420091-3","STATUS","ACTIVE","INACTIVE",""
"2.79","LP420093-9","STATUS","ACTIVE","INACTIVE",""
"2.79","LP420094-7","STATUS","ACTIVE","INACTIVE",""
"2.79","LP420096-2","STATUS","ACTIVE","INACTIVE",""
"2.79","LP420193-7","STATUS","ACTIVE","DEPRECATED","Obsolete"
"2.79","LP421299-1","STATUS","ACTIVE","INACTIVE",""
"2.79","LP421481-5","STATUS","ACTIVE","DEPRECATED","Obsolete"
"2.79","LP422529-0","STATUS","ACTIVE","INACTIVE",""
"2.79","LP422677-7","STATUS","ACTIVE","DEPRECATED","Obsolete"
"2.79","LP422885-6","STATUS","ACTIVE","INACTIVE",""
"2.79","LP426970-2","STATUS","ACTIVE","INACTIVE",""
"2.79","LP426971-0","STATUS","ACTIVE","INACTIVE",""
"2.79","LP426973-6","STATUS","ACTIVE","INACTIVE",""
"2.79","LP426974-4","STATUS","ACTIVE","INACTIVE",""
"2.79","LP426976-9","STATUS","ACTIVE","INACTIVE",""
"2.79","LP426978-5","STATUS","ACTIVE","INACTIVE",""
"2.79","LP426979-3","STATUS","ACTIVE","INACTIVE",""
"2.79","LP426983-5","STATUS","ACTIVE","INACTIVE",""
"2.79","LP427074-2","STATUS","ACTIVE","INACTIVE",""
"2.79","LP427281-3","STATUS","ACTIVE","INACTIVE",""
"2.79","LP427282-1","STATUS","ACTIVE","INACTIVE",""
"2.79","LP427283-9","STATUS","ACTIVE","INACTIVE",""
"2.79","LP427284-7","STATUS","ACTIVE","INACTIVE",""
"2.79","LP427313-4","STATUS","ACTIVE","INACTIVE",""
"2.79","LP427314-2","STATUS","ACTIVE","INACTIVE",""
"2.79","LP427460-3","STATUS","ACTIVE","DEPRECATED","Obsolete"
"2.79","LP427461-1","STATUS","ACTIVE","DEPRECATED","Obsolete"
"2.79","LP427462-9","STATUS","ACTIVE","DEPRECATED","Obsolete"
"2.79","LP427463-7","STATUS","ACTIVE","DEPRECATED","Obsolete"
"2.79","LP428241-6","STATUS","ACTIVE","INACTIVE",""
"2.79","LP428279-6","STATUS","ACTIVE","INACTIVE",""
"2.79","LP428366-1","STATUS","ACTIVE","DEPRECATED","Obsolete"
"2.79","LP428525-2","STATUS","ACTIVE","DEPRECATED","Obsolete"
"2.79","LP428620-1","STATUS","ACTIVE","DEPRECATED","Obsolete"
"2.79","LP428814-0","STATUS","ACTIVE","INACTIVE",""
"2.79","LP429972-5","STATUS","ACTIVE","INACTIVE",""
"2.79","LP429973-3","STATUS","ACTIVE","INACTIVE",""
"2.79","LP429974-1","STATUS","ACTIVE","INACTIVE",""
"2.79","LP430015-0","STATUS","ACTIVE","INACTIVE",""
"2.79","LP430017-6","STATUS","ACTIVE","INACTIVE",""
"2.79","LP430018-4","STATUS","ACTIVE","INACTIVE",""
"2.79","LP430027-5","STATUS","ACTIVE","INACTIVE",""
"2.79","LP430028-3","STATUS","ACTIVE","INACTIVE",""
"2.79","LP430334-5","STATUS","ACTIVE","INACTIVE",""
"2.79","LP431306-2","STATUS","ACTIVE","INACTIVE",""
"2.79","LP432826-8","STATUS","ACTIVE","INACTIVE",""
"2.79","LP432828-4","STATUS","ACTIVE","INACTIVE",""
"2.79","LP433064-5","STATUS","ACTIVE","DEPRECATED","Obsolete"
"2.79","LP433164-3","STATUS","ACTIVE","INACTIVE",""
"2.79","LP434107-1","STATUS","ACTIVE","INACTIVE",""
"2.79","LP434140-2","STATUS","ACTIVE","INACTIVE",""
"2.79","LP434169-1","STATUS","ACTIVE","INACTIVE",""
"2.79","LP434276-4","STATUS","ACTIVE","INACTIVE",""
"2.79","LP435380-3","STATUS","ACTIVE","DEPRECATED","Obsolete"
"2.79","LP435471-0","STATUS","ACTIVE","DEPRECATED",""
"2.79","LP435472-8","STATUS","ACTIVE","DEPRECATED",""
"2.79","LP435474-4","STATUS","ACTIVE","DEPRECATED",""
"2.79","LP435828-1","STATUS","ACTIVE","DEPRECATED","Obsolete"
"2.79","LP435829-9","STATUS","ACTIVE","DEPRECATED","Obsolete"
"2.79","LP435918-0","STATUS","ACTIVE","DEPRECATED",""
"2.79","LP436271-3","STATUS","ACTIVE","INACTIVE",""
"2.79","LP436493-3","STATUS","ACTIVE","DEPRECATED",""
"2.79","LP436915-5","STATUS","ACTIVE","DEPRECATED","Obsolete"
"2.79","LP437065-8","STATUS","ACTIVE","DEPRECATED",""
"2.79","LP437066-6","STATUS","ACTIVE","DEPRECATED",""
"2.79","LP437381-9","STATUS","ACTIVE","INACTIVE",""
"2.79","LP437386-8","STATUS","ACTIVE","INACTIVE",""
"2.79","LP437388-4","STATUS","ACTIVE","INACTIVE",""
"2.79","LP437390-0","STATUS","ACTIVE","INACTIVE",""
"2.79","LP437508-7","STATUS","ACTIVE","DEPRECATED",""
"2.79","LP437636-6","STATUS","ACTIVE","INACTIVE",""
"2.79","LP437645-7","STATUS","ACTIVE","INACTIVE",""
"2.79","LP437739-8","STATUS","ACTIVE","INACTIVE",""
"2.79","LP437786-9","STATUS","ACTIVE","DEPRECATED","Obsolete"
"2.79","LP437787-7","STATUS","ACTIVE","DEPRECATED","Obsolete"
"2.79","LP437788-5","STATUS","ACTIVE","DEPRECATED","Obsolete"
"2.79","LP437793-5","STATUS","ACTIVE","INACTIVE",""
"2.79","LP437962-6","STATUS","ACTIVE","INACTIVE",""
"2.79","LP438210-9","STATUS","ACTIVE","INACTIVE",""
"2.79","LP438269-5","STATUS","INACTIVE","ACTIVE",""
"2.79","LP438298-4","STATUS","ACTIVE","INACTIVE",""
"2.79","LP438300-8","STATUS","ACTIVE","INACTIVE",""
"2.79","LP438305-7","STATUS","ACTIVE","INACTIVE",""
"2.79","LP438612-6","STATUS","ACTIVE","DEPRECATED",""
"2.79","LP438657-1","STATUS","ACTIVE","INACTIVE",""
"2.79","LP438658-9","STATUS","ACTIVE","INACTIVE",""
"2.79","LP438660-5","STATUS","ACTIVE","INACTIVE",""
"2.79","LP438664-7","STATUS","ACTIVE","INACTIVE",""
"2.79","LP438880-9","STATUS","ACTIVE","INACTIVE",""
"2.79","LP438881-7","STATUS","ACTIVE","INACTIVE",""
"2.79","LP439258-7","STATUS","ACTIVE","INACTIVE",""
"2.79","LP439259-5","STATUS","ACTIVE","INACTIVE",""
"2.79","LP440632-0","STATUS","ACTIVE","DEPRECATED","Obsolete"
"2.79","LP440729-4","STATUS","ACTIVE","DEPRECATED","Obsolete"
"2.79","LP440821-9","STATUS","ACTIVE","INACTIVE",""
"2.79","LP440913-4","STATUS","ACTIVE","INACTIVE",""
"2.79","LP441168-4","STATUS","ACTIVE","INACTIVE",""
"2.79","LP441357-3","STATUS","ACTIVE","INACTIVE",""
"2.79","LP441362-3","STATUS","ACTIVE","INACTIVE",""
"2.79","LP442266-5","STATUS","ACTIVE","INACTIVE",""
"2.79","LP442343-2","STATUS","ACTIVE","INACTIVE",""
"2.79","LP442344-0","STATUS","ACTIVE","INACTIVE",""
"2.79","LP442478-6","STATUS","ACTIVE","INACTIVE",""
"2.79","LP442479-4","STATUS","ACTIVE","INACTIVE",""
"2.79","LP442480-2","STATUS","ACTIVE","INACTIVE",""
"2.79","LP442481-0","STATUS","ACTIVE","INACTIVE",""
"2.79","LP442486-9","STATUS","ACTIVE","INACTIVE",""
"2.79","LP442487-7","STATUS","ACTIVE","INACTIVE",""
"2.79","LP442523-9","STATUS","ACTIVE","DEPRECATED",""
"2.79","LP442637-7","STATUS","ACTIVE","INACTIVE",""
"2.79","LP442676-5","STATUS","ACTIVE","INACTIVE",""
"2.79","LP443092-4","STATUS","ACTIVE","DEPRECATED","Obsolete"
"2.79","LP443104-7","STATUS","ACTIVE","DEPRECATED","Obsolete"
"2.79","LP443182-3","STATUS","ACTIVE","DEPRECATED","Obsolete"
"2.79","LP443183-1","STATUS","ACTIVE","DEPRECATED","Obsolete"
"2.79","LP443184-9","STATUS","ACTIVE","DEPRECATED","Obsolete"
"2.79","LP443185-6","STATUS","ACTIVE","DEPRECATED","Obsolete"
"2.79","LP443214-4","STATUS","ACTIVE","INACTIVE",""
"2.79","LP62096-0","STATUS","ACTIVE","INACTIVE",""
"2.79","LP62820-3","STATUS","ACTIVE","INACTIVE",""
"2.79","LP62821-1","STATUS","ACTIVE","INACTIVE",""
"2.79","LP63670-1","STATUS","ACTIVE","INACTIVE",""
"2.79","LP63671-9","STATUS","ACTIVE","INACTIVE",""
"2.79","LP65131-2","STATUS","ACTIVE","INACTIVE",""
"2.79","LP66399-4","STATUS","ACTIVE","INACTIVE",""
"2.79","LP67163-3","STATUS","ACTIVE","INACTIVE",""
"2.79","LP67167-4","STATUS","ACTIVE","INACTIVE",""
"2.79","LP67168-2","STATUS","ACTIVE","INACTIVE",""
"2.79","LP67169-0","STATUS","ACTIVE","INACTIVE",""
"2.79","LP67170-8","STATUS","ACTIVE","INACTIVE",""
"2.79","LP67171-6","STATUS","ACTIVE","INACTIVE",""
"2.79","LP67172-4","STATUS","ACTIVE","INACTIVE",""
"2.79","LP6767-0","STATUS","ACTIVE","INACTIVE",""
"2.79","LP69200-1","STATUS","ACTIVE","INACTIVE",""
"2.79","LP69848-7","STATUS","ACTIVE","INACTIVE",""
"2.79","LP71348-4","STATUS","ACTIVE","INACTIVE",""
"2.79","LP71774-1","STATUS","ACTIVE","INACTIVE",""
"2.79","LP74450-5","STATUS","ACTIVE","INACTIVE",""
"2.79","LP89998-6","STATUS","ACTIVE","INACTIVE",""
"2.79","LP90001-6","STATUS","ACTIVE","INACTIVE",""
"2.79","LP90014-9","STATUS","ACTIVE","INACTIVE",""
"2.79","LP90033-9","STATUS","ACTIVE","INACTIVE",""
"2.79","LP99295-5","STATUS","ACTIVE","INACTIVE",""
