"Витамины группы K: K1, K2 (MK4), K3",,,,,"Исследование показано при мальабсорбции, целиакии, длительной диареии, нарушении микрофлоры толстой кишки, например, после приема антибиотиков, нарушении св..."
"Глутатион",,,,,"Исследование используется в качестве косвенного признака оценки активности особых ферментов, которые обеспечивают поддержку эритроцитов. Их дефицит приводит..."
"Йод",,,,,"Важный компонент гормонов щитовидной железы, при дефиците приводящий к нарушению ее работы"
"Йод в моче",,,,,"Важный компонент клеток и показатель болезни печени"
"Кадмий",,,,,"Важный компонент гормонов щитовидной железы, при дефиците приводящий к нарушению ее работы"
"Кадмий в моче",,,,,"Важный компонент клеток и показатель болезни печени"
"Кальций в моче суточной",,,,,"Показатель кальций-фосфорного обмена"
"Кальций ионизированный",,,,,"Свободный кальций, обеспечивающий свертывание крови, мышечные сокращения, передачу нервного импульса"
"Кальций общий",,,,,"Весь кальций крови, связанный с белками и свободный"
"Комплексная оценка оксидативного стресса, 7 показателей",,,,,"Анализ используется для оценки оксидативного стресса и для прогноза развития системных заболеваний — метаболических нарушений, воспалительных проц..."
"Комплексный анализ крови на наличие тяжелых металлов и микроэлементов, 23 показателя",,,,,"Показан при ограничениях в питании, контакте с тяжелыми металлами"
"Комплексный анализ крови на наличие тяжелых металлов и микроэлементов, 40 показателей",,,,,"Показан при ограничениях в питании, контакте с тяжелыми металлами"
"Комплексный анализ на наличие тяжелых металлов и микроэлементов, 40 показателей, в моче",,,,,"Показан при ограничениях в питании, контакте с тяжелыми металлами"
"Коэнзим Q10",,,,,"Исследование показано в комплексной оценке рисков развития гипертонической болезни, хронической сердечной недостаточности, нейродегенеративных заболеваний, ..."
"Литий",,,,,"Важный компонент гормонов щитовидной железы, при дефиците приводящий к нарушению ее работы"
"Литий в моче",,,,,"Важный компонент клеток и показатель болезни печени"
"Литий терапевтический",,,,,"Важный компонент гормонов щитовидной железы, при дефиците приводящий к нарушению ее работы"
"Магний",,,,,"Минерал, участвующий в обмене энергии, работе нервной системы и ферментов клеток"
"Магний в моче суточной",,,,,"Показатель выведения магния почками"
"Малоновый диальдегид",,,,,"Исследование показано в оценке прогноза лечения ишемической болезни сердца, псориаза, рассеянного склероза, инсульта, хронических заболеваний почек, сифилис..."
"Марганец",,,,,"Важный компонент гормонов щитовидной железы, при дефиците приводящий к нарушению ее работы"
"Марганец в моче",,,,,"Важный компонент клеток и показатель болезни печени"
"Медь",,,,,"Важный компонент клеток и показатель болезни печени"
"Медь в моче",,,,,"Важный компонент клеток и показатель болезни печени"
"Медь в моче суточной",,,,,"Важный компонент клеток и показатель болезни печени"
"Ненасыщенные жирные кислоты Омега-3",,,,,"Выявление дефицита перед применением БАДов"
"Ненасыщенные жирные кислоты Омега-3 и Омега-6",,,,,"Снижение уровня омега-3-кислот может приводить к повышенному риску сердечно-сосудистых заболеваний. Диета с соотношением жирных кислот омега-6: омега-3 4:1 ..."
"Ненасыщенные жирные кислоты Омега-6",,,,,"Дополнительная оценка риска сердечно-сосудистых заболеваний на фоне диет"
"Ненасыщенные жирные кислоты Омега-9",,,,,"Выявление дефицита при нарушении питании"
"Определение Омега-3 индекса",,,,,"Дополнительная оценка риска сердечно-сосудистых заболеваний"
"Расширенный комплексный анализ крови на метаболиты витамина D (1,25-(OH)2 D3; 25-OH D3; 25-OH D2; 24,25-(OH)2 D3)",,,,,"Для скрининга запасов витамина D и оценки витаминной обеспеченности организма необходимо сдавать анализ 25-ОН Витамин D.


	Исследование метаболитов витам..."
"Ртуть",,,,,"Важный компонент гормонов щитовидной железы, при дефиците приводящий к нарушению ее работы"
"Ртуть в моче",,,,,"Важный компонент клеток и показатель болезни печени"
"Свинец",,,,,"Важный компонент гормонов щитовидной железы, при дефиците приводящий к нарушению ее работы"
"Свинец в моче",,,,,"Важный компонент клеток и показатель болезни печени"
"Селен",,,,,"Важный компонент антиоксидантных фермент и противоопухолевой защиты"
"Селен в моче",,,,,"Важный компонент клеток и показатель болезни печени"
"Сера",,,,,"Важный компонент гормонов щитовидной железы, при дефиците приводящий к нарушению ее работы"
"Фолиевая кислота",,,,,"Витамин, необходимый для роста и работы клеток"
"Фосфор неорганический",,,,,"Минерал, участвующий в построении скелета, обменных процессах"
"Фосфор неорганический в моче суточной",,,,,"Показатель кальций-фосфорного обмена"
"Хром",,,,,"Важный компонент гормонов щитовидной железы, при дефиците приводящий к нарушению ее работы"
"Хром в моче",,,,,"Важный компонент клеток и показатель болезни печени"
"Цинк",,,,,"Минерал, участвующий в обмене веществ, иммунной защите, построении кожи, костей"
"Госпитальный скрининг (ВИЧ, сифилис RPR и гепатиты B и C)",,,,,"Госпитальный скрининг - это стандартный комплекс исследований перед операцией или госпитализацией, для предупреждения заражения персонала и людей, которые б..."
"Госпитальный скрининг (ВИЧ, сифилис антитела и гепатиты В и С)",,,,,"Показатель

	 Госпитальный скрининг позволяет обнаружить у человека вирусы гепатита B и С, ВИЧ, сифилис.


	 Госпитальный скрининг стандартный комплекс исс..."
"Обследование перед операцией",,,,,"Комплексное исследование, включает в себя тесты, рекомендуемые, согласно руководящим документам, при госпитализации в лечебное учреждение на плановую операц..."
"Группа риска (комплекс анализов)",,,,,"Выявление заболеваний, передающихся через кровь и половым путем"
"Детские инфекции (комплекс анализов)",,,,,"К традиционным детским инфекционным заболеваниям относят краснуху, корь, инфекционный мононуклеоз, ветряную оспу, коклюш и некоторые другие. ..."
"Диагностика хеликобактерной инфекции (антитела)",,,,,"Антитела к H. pylori выявляются у пациентов с дуоденитами, хроническими гастритами, язвой желудка и двенадцатиперстной кишки. У многих людей выявляются..."
"Комплекс анализов на гепатит B",,,,,"Выявление острого гепатита В"
"Комплекс анализов на инфекционный мононуклеоз",,,,,"Инфекционный мононуклеоз - это острое инфекционное заболевание с лихорадкой, вызываемое вирусом, с поражением ротоглотки, лимфатических узлов, печени и селе..."
"Обследование после ОРВИ, гриппа",,,,,"Перенесенные ОРВИ и грипп могут ослабить организм и способствовать развитию инфекционных и неинфекционных осложнений.


	 Комплекс показан детям и взросл..."
"Anti-HAV IgG Антитела к вирусу гепатита А IgG (количественный)",,,,,"Выявление перенесенной инфекции или предшествующей вакцинации против гепатита А"
"Anti-HAV IgM Антитела к вирусу гепатита А IgM",,,,,"Выявление инфекции в острый период гепатита А"
"Anti-HBcor IgM Антитела к ядерному антигену вируса гепатита B IgM",,,,,"Подтверждение острого гепатита В"
"Anti-HBcor total Антитела к ядерному антигену вируса гепатита B суммарные",,,,,"Подтверждение перенесенного гепатита В, но не вакцинации против него"
"Anti-HCV total Антитела к вирусу гепатита С суммарные",,,,,"Первый анализ на выявление гепатита С"
"Anti-Hbs total Антитела к поверхностному антигену вируса гепатита В суммарные (количественный)",,,,,"Выявление перенесенной инфекции или предшествующей вакцинации против гепатита В"
"HBsAg Поверхностный антиген вируса гепатита В",,,,,"Первый анализ на выявление гепатита В"
"Антитела  к ядерному антигену вируса Эпштейна-Барр anti-EBV EBNA IgG",,,,,"Подтверждение диагноза инфекционный мононуклеоз"
"Антитела к Chlamydia trachomatis IgA",,,,,"Подтверждение активной инфекции"
"Антитела к Chlamydia trachomatis IgG",,,,,"Подтверждение перенесенной инфекции и диагностика осложнений"
"Антитела к Chlamydia trachomatis IgM",,,,,"Подтверждение острого урогенитального хламидиоза"
"Антитела к Chlamydophila pneumoniae IgG",,,,,"Появляются позже IgM-антител при острой инфекции"
"Антитела к Chlamydophila pneumoniae IgM",,,,,"Подтверждение первичной инфекции"
"Антитела к Corynebacterium diphtheriae IgG",,,,,"Выявление наличия иммунной защиты против дифтерии после вакцинации"
"Антитела к Helicobacter pylori IgA",,,,,"Отражают активность хеликобактерной инфекции и эффективность лечения"
"Антитела к Helicobacter pylori IgG",,,,,"Подтверждение наличия хеликобактерной инфекции"
"Антитела к Helicobacter pylori IgM",,,,,"Выявление острой хеликобактерной инфекции"
"Антитела к Mycoplasma pneumoniae IgG",,,,,"Появляются позже IgM-антител при острой инфекции"
"Антитела к Mycoplasma pneumoniae IgM",,,,,"Подтверждение острой инфекции"
"Антитела к Ureaplasma urealyticum IgA",,,,,"Выявление острой инфекции"
"Антитела к Ureaplasma urealyticum IgG",,,,,"Выявление текущей или перенесенной инфекции"
"Антитела к Vi -антигену Salmonella typhi",,,,,"Подтверждение диагноза брюшной тиф"
"Антитела к ВИЧ 1, 2 и антиген",,,,,"Выявление инфекции даже при отсутствии жалоб"
"Антитела к вирусу Варицелла-Зостер IgG",,,,,"Подтверждение перенесенной ветряной оспы или вакцинации против нее"
"Антитела к вирусу Варицелла-Зостер IgM",,,,,"Подтверждение диагноза ветряная оспа или опоясывающего герпеса"
"Антитела к вирусу герпеса 6 типа IgG",,,,,"Выявление перенесенной и скрытой инфекции вируса герпеса 6 типа"
"Антитела к вирусу герпеса 8 типа IgG",,,,,"Выявление перенесенной и скрытой инфекции вируса герпеса 8 типа"
"Антитела к вирусу клещевого энцефалита IgG",,,,,"Выявление иммунной защиты против клещевого энцефалита после инфекции или вакцинации"
"Антитела к вирусу клещевого энцефалита IgM",,,,,"Подтверждение острого клещевого энцефалита"
"Антитела к вирусу кори IgG (количественный)",,,,,"Подтверждение наличия иммунной защиты против кори"
"Антитела к вирусу кори IgM",,,,,"Подтверждение диагноза корь"
"Антитела к вирусу краснухи IgG (количественный)",,,,,"Подтверждение наличия иммунной защиты против краснухи"
"Антитела к вирусу краснухи IgM",,,,,"Подтверждение диагноза краснуха"
"Антитела к вирусу простого герпеса 1 и 2 типа IgG",,,,,"Выявление перенесенной и скрытой ВПГ-инфекции"
"Антитела к вирусу простого герпеса 1 и 2 типа IgM",,,,,"Выявление активной ВПГ-инфекции"
"Антитела к возбудителю боррелиоза IgG",,,,,"Подтверждение боррелиоза на поздней стадии, латентного или перенесенного"
"Антитела к возбудителю боррелиоза IgM",,,,,"Подтверждения острого боррелиоза"
"Антитела к возбудителю иерсиниоза (Yersinia enterocolitica O3, O9)",,,,,"Антитела к возбудителю иерсиниоза методом РПГА с иерсиниозным диагностикумом выявляются через неделю от начала заболевания. Диагностический титр - 1/200, ли..."
"Антитела к возбудителю коклюша IgG",,,,,"Подтверждение вакцинации против коклюша или перенесенной инфекции"
"Антитела к возбудителю коклюша IgM",,,,,"Подтверждение диагноза коклюш"
"Антитела к возбудителю псевдотуберкулеза (Yersinia pseudotuberculosis)",,,,,"Антитела к возбудителю псевдотуберкулеза методом РПГА выявляются через неделю от начала заболевания. Диагностический титр - 1/50, либо нарастание титра..."
"Антитела к возбудителю сифилиса суммарные",,,,,"Подтверждение перенесенного или длительного сифилиса"
"Антитела к кандида IgG",,,,,"Подтверждение распространенного системного кандидоза"
"Антитела к капсидному антигену вируса Эпштейна-Барр anti-EBV VCA IgG",,,,,"Подтверждают перенесенную ЭБВ-инфекцию"
"Антитела к капсидному антигену вируса Эпштейна-Барр anti-EBV VCA IgM",,,,,"Выявление активной ЭБВ-инфекции"
"Антитела к раннему антигену вируса Эпштейна-Барр anti-EBV EA IgG",,,,,"Подтверждают острую ЭБВ-инфекцию"
"Антитела к сальмонеллам (комплексный диагностикум)",,,,,"Подтверждение диагноза сальмонеллез"
"Антитела к цитомегаловирусу IgG (количественный)",,,,,"Выявление перенесенной и скрытой ЦМВ-инфекции"
"Антитела к цитомегаловирусу IgM",,,,,"Выявление активной ЦМВ-инфекции"
"Антитела к шигеллам Зонне",,,,,"Подтверждение диагноза дизентерия"
"Антитела к шигеллам Флекснера",,,,,"Подтверждение диагноза дизентерия"
"Определение авидности IgG-антител к вирусу краснухи",,,,,"Подтверждение наличия иммунной защиты против краснухи"
"Определение авидности IgG-антител к вирусу простого герпеса 1 и 2 типа",,,,,"Выявление перенесенной и скрытой ВПГ-инфекции"
"Определение авидности антител IgG к цитомегаловирусу",,,,,"Помогает определить давность инфицирования"
"Сифилис RPR",,,,,"Выявление первичного сифилиса"
"Боли в суставах (комплекс анализов)",,,,,"Данное комплексное исследование позволяет в комплексе с клиническими данными и данными других исследований дифференцировать основные формы артритов (ревмато..."
"Обследование при мышечной боли",,,,,"Причины мышечной слабости, в том числе идиопатической воспалительной миопатии, могут быть различными. Симптомы полимиозита и дерматомиозита сходны. Именно п..."
"Ревматологический (расширенное обследование)",,,,,"Комплекс применяется не только для диагностики ревматических и аутоиммунных заболеваний, но и для оценки выраженности процесса, контроля за эффективностью л..."
"Ревмопробы",,,,,"Комплекс анализов поможет выявить осложнения стрептококковой инфекции и заболевания суставов.


	 Исследования показаны людям, перенесшим ангину и кожные..."
"Новообразования желудочно-кишечного тракта",,,,,"Рак желудка является 5-м наиболее распространенным раком в мире. Рак пищевода не так распространен, но его отличает высокая смертность в первый год уст..."
"Новообразования молочной железы",,,,,"До 44% впервые выявленных случаев рака молочной железы приходится на социально активную группу женщин (до 59 лет).


	 Самообследование молочных желез, р..."
"Новообразования печени",,,,,"Развитие злокачественной опухоли печени связано с наличием фоновой патологии печени (вирусные гепатиты, цирроз печени любой этиологии, неалкогольный стеатог..."
"Новообразования поджелудочной железы",,,,,"Комплексное исследование, включает в себя определение концентрации РЭА (раково-эмбрионального антигена) и CA 19-9. Исследование используется в комплексе диа..."
"Новообразования простаты",,,,,"Комплексное исследование, включает в себя определение концентрации ПСА (простатического специфического антигена) общего и свободного в сыворотке крови. ПСА ..."
"Новообразования прямой кишки",,,,,"Рак прямой кишки – злокачественная опухоль, развивающаяся из клеток эпителия прямой кишки и локализующаяся в пределах 15 см от ануса (заднего прохода).


..."
"Новообразования щитовидной железы",,,,,"Показатель

	 Комплексное исследование для диагностики онкологических заболеваний щитовидной железы. Включает в себя определение концентрации тиреоглобулина, ..."
"Новообразования яичек",,,,,"До 5% всех урогенитальных опухолей у мужчин приходится на новообразования яичка. 90-95% которых представляют герминогенные опухоли.


	 Комплекс пок..."
"Новообразования яичников",,,,,"По данным МАИР (Международного агентства по изучению рака), ежегодно в мире регистрируется более 160 тыс. новых случаев рака яичников и более 100 тыс. женщи..."
"Онкологический женский комплекс анализов",,,,,"Почти треть случаев злокачественных новообразований можно предотвратить. У мужчин и женщин преобладают разные виды рака. Поэтому мы собрали отдельные компле..."
"Онкологический мужской комплекс анализов",,,,,"Почти треть случаев злокачественных новообразований можно предотвратить. У мужчин и женщин преобладают разные виды рака. Поэтому мы собрали отдельные компле..."
"Cyfra-21-1",,,,,"Маркер онкологических заболеваний многих органов, особенно мочевого пузыря"
"HE4",,,,,"Маркер онкологических заболеваний многих органов, особенно яичников"
"NSE",,,,,"Маркер онкологических заболеваний многих органов, особенно нейроэндокринных и легких"
"ROMA расчет",,,,,"Индекс ROMA - расчетный индекс на основании уровня онкомаркеров CA 125 и HE 4 и менопаузального статуса женщины. Предназначен для определения вероятнос..."
"SCCA",,,,,"Маркер онкологических заболеваний многих органов, особенно шейки матки, кожи, слизистых"
"UBC",,,,,"Маркер онкологических заболеваний, особенно мочевого пузыря"
"АФП",,,,,"Белок беременности и онкомаркер"
"Белок S100",,,,,"Маркер онкологических заболеваний многих органов, особенно нервной ткани и кожи"
"ПСА общий",,,,,"Вырабатывается в предстательной железе, повышается при ее повреждении"
"ПСА общий, ПСА свободный, соотношение ПСА св/ПСА общ",,,,,"Маркер ранней диагностики заболеваний предстательной железы"
"ПСА свободный",,,,,"Вырабатывается в предстательной железе, повышается при ее повреждении"
"РЭА",,,,,"Маркер онкологических заболеваний многих органов"
"Риск наличия злокачественной опухоли яичника ROMA, включает CA 125 и HE4",,,,,"Расчетный показатель онкологического поражения яичников"
"СА 125",,,,,"Маркер онкологических заболеваний многих органов, особенно яичников"
"СА 15-3",,,,,"Маркер онкологических заболеваний многих органов, особенно молочной железы"
"СА 19-9",,,,,"Маркер онкологических заболеваний многих органов"
"СА 72-4",,,,,"Маркер онкологических заболеваний многих органов"
"Соотношение ПСА св/ПСА общ расчет",,,,,"Расчет показан в ранней диагностике заболеваний предстательной железы, если определение ПСА общего показало повышенный результат (более 4,0 нг/мл).


	 В..."
"Жировой обмен (расширенное обследование)",,,,,"Комплексное исследование, включает в себя полный спектр показателей жирового обмена: липидограмма, аполипопротеин A1, аполипопротеин B. Позволяет оценить со..."
"Лишний вес (комплекс анализов)",,,,,"Как лишний вес иногда является следствием нарушений функций организма, так и, наоборот, излишняя масса тела может спровоцировать сбои в работе организма. Ва..."
"Метаболический синдром",,,,,"Метаболический синдром - это комплекс симптомов, в том числе лабораторных, оценивающих факторы риска развития сердечно-сосудистых заболеваний. В комплекс вк..."
"Липидограмма",,,,,"Включает основные виды ваших холестеринов и жиров в крови"
"Герпесвирусы (Эпштейна-Барр вирус, Цитомегаловирус, Вирус герпеса человека тип 6), обнаружение ДНК (кровь)",,,,,"Выявление острой герпетической инфекции и инфекционного мононуклеоза"
"ИППП-12 для женщин",,,,,"Выявление острых половых инфекций"
"ИППП-12 для мужчин",,,,,"Выявление активных половых инфекций"
"ИППП-4 (комплекс анализов методом ПЦР на 4 половые инфекции)",,,,,"Выявление острых половых инфекций"
"ИППП-6 (комплекс анализов методом ПЦР на 6 половых инфекций)",,,,,"Выявление острых половых инфекций"
"Candida albicans, определение ДНК",,,,,"Выявление кандидоза, но может обнаруживаться и у здоровых женщин"
"Chlamydia trachomatis, обнаружение ДНК (количественный)",,,,,"Выявление активного хламидиоза"
"Chlamydia trachomatis, определение ДНК",,,,,"Выявление активного хламидиоза"
"Gardnerella vaginalis, определение ДНК",,,,,"Выявление баквагиноза, но может обнаруживаться и у здоровых женщин"
"HAV RNA Вирус гепатита А, определение РНК",,,,,"Определение активности вируса гепатита А"
"HBV DNA Вирус гепатита В, определение ДНК",,,,,"Определение активности вируса гепатита В"
"HBV DNA Вирус гепатита В, определение ДНК (количественный)",,,,,"Определение активности вируса гепатита В и эффективности терапии"
"HCV RNA Вирус гепатита С, генотипирование РНК по типам 1, 2 и 3",,,,,"Определение типа вируса гепатита С при его высокой активности"
"HCV RNA Вирус гепатита С, генотипирование РНК по типам 1a, 1b, 2, 3а, 4, 5а, 6",,,,,"Определение типа вируса гепатита С при его высокой активности"
"HCV RNA Вирус гепатита С, определение РНК",,,,,"Определение активности вируса гепатита С"
"HCV RNA Вирус гепатита С, определение РНК (количественный)",,,,,"Определение активности вируса гепатита С и эффективности терапии"
"HDV RNA Вирус гепатита D, определение РНК",,,,,"Анализ проводится при подозрении на гепатит D"
"HGV RNA Вирус гепатита G, определение РНК",,,,,"Анализ проводится при подозрении на гепатит G"
"Mycoplasma genitalium, обнаружение ДНК (количественный)",,,,,"Выявление активного микоплазмоза"
"Mycoplasma genitalium, определение ДНК",,,,,"Выявление активного микоплазмоза"
"Mycoplasma hominis, обнаружение ДНК (количественный)",,,,,"Выявление активного микоплазмоза"
"Mycoplasma hominis, определение ДНК",,,,,"Выявление активного микоплазмоза"
"Neisseria gonorrhoeae, обнаружение ДНК (количественный)",,,,,"Выявление активной гонореи"
"Neisseria gonorrhoeae, определение ДНК",,,,,"Выявление активной гонореи"
"Trichomonas vaginalis, обнаружение ДНК (количественный)",,,,,"Выявление активного трихомониаза"
"Trichomonas vaginalis, определение ДНК",,,,,"Выявление активного трихомониаза"
"Ureaplasma parvum, определение ДНК",,,,,"Выявление активного уреаплазмоза"
"Ureaplasma spp, определение ДНК",,,,,"Выявление активного уреаплазмоза"
"Ureaplasma urealyticum, определение ДНК",,,,,"Выявление активного уреаплазмоза"
"Ureaplasma urealyticum/Ureaplasma parvum, обнаружение ДНК (количественный)",,,,,"Выявление активного уреаплазмоза"
"Андрофлор",,,,,"Комплекс соотношения нормальной и условно-патогенной флоры уретры"
"Андрофлор скрин",,,,,"Выявление наиболее распространенных возбудителей уретрита"
"Вирус Эпштейна-Барр, обнаружение ДНК (кровь)",,,,,"Выявление активной ЭБВ-инфекции"
"Вирус Эпштейна-Барр, обнаружение ДНК количественно (кровь)",,,,,"Выявление активной ЭБВ-инфекции"
"Вирус простого герпеса (HSV) тип 1, 2, обнаружение ДНК (количественный, мазок)",,,,,"Выявление активной ВПГ-инфекции"
"Вирус простого герпеса (HSV) тип 1,2, обнаружение ДНК (кровь)",,,,,"Выявление активной ВПГ-инфекции"
"Вирус простого герпеса тип 1, 2, определение ДНК (мазок)",,,,,"Выявление активной ВПГ-инфекции"
"Вирусы папилломы человека типы 16 и 18, определение ДНК",,,,,"Выявление активной ВПЧ-инфекции наиболее онкогенных типов"
"Вирусы папилломы человека типы 16, 18, 31, 33, 35, 39, 45, 51, 52, 56,  58, 59, типирование ДНК",,,,,"Выявление активной ВПЧ-инфекции высокого онкогенного риска"
"Вирусы папилломы человека типы 16, 18, 31, 33, 35, 39, 45, 51, 52, 56,  58, 59, типирование ДНК (количественный)",,,,,"Выявление активной ВПЧ-инфекции высокого онкогенного риска"
"Вирусы папилломы человека типы 31 и 33, определение ДНК",,,,,"Выявление активной ВПЧ-инфекции высокого онкогенного риска"
"Вирусы папилломы человека типы 6 и 11, определение ДНК",,,,,"Выявление активной ВПЧ-инфекции низкого онкогенного риска, связанной с папилломами"
"Герпесвирус человека (HHV) тип 6, обнаружение ДНК (кровь)",,,,,"Выявление активной инфекции ВГЧ 6 типа"
"Герпесвирус человека (HHV) тип 6, обнаружение ДНК количественно (кровь)",,,,,"Выявление активной инфекции ВГЧ 6 типа"
"Грибы рода Candida (C.albicans, C. glabrata, C. krusei, C. parapsilosis, C. tropicalis), определение ДНК количественный, мазок",,,,,"Выявление активного кандидоза, в том числе менее распространенных типов"
"Диагностика ОРВИ и гриппа, обнаружение РНК/ДНК",,,,,"Обнаружение РНК/ДНК возбудителей ОРВИ и гриппа"
"ИППП-12 количественная оценка (комплекс анализов методом ПЦР на 12 половых инфекций)",,,,,"Выявление активных половых инфекций"
"Фемофлор 16",,,,,"Комплекс, отражающий соотношение нормальной и условно-патогенной флоры влагалища"
"Фемофлор 8",,,,,"Комплекс, отражающий соотношение нормальной и условно-патогенной флоры влагалища"
"Фемофлор скрин панель 12",,,,,"Комплекс, отражающий нормальную и патогенную флору влагалища"
"Цитомегаловирус, обнаружение ДНК (количественный, мазок)",,,,,"Выявление активной ЦМВ-инфекции"
"Цитомегаловирус, обнаружение ДНК (кровь)",,,,,"Выявление активной ЦМВ-инфекции"
"Цитомегаловирус, обнаружение ДНК количественно (кровь)",,,,,"Выявление активной ЦМВ-инфекции"
"Цитомегаловирус, определение ДНК (мазок)",,,,,"Выявление активной ЦМВ-инфекции"
"Функция поджелудочной железы",,,,,"Поджелудочная железа — орган пищеварительной и эндокринной систем. Выделяя ферменты, она участвует в переваривании белков, жиров и углеводов в кишечнике. Вы..."
"C13-уреазный дыхательный тест. Диагностика инфекции Helicobacter pylori",,,,,"13С-уреазный дыхательный тест рекомендуется для диагностики и подтверждения эрадикации инфекции Helicobacter pylori у лиц старше 18 лет"
"Лабораторная диагностика гемохроматоза",,,,,"Если вам необходимо провести подтверждающий генетический тест, сдайте анализ Наследственный гемохроматоз I типа HFE.


	 Гемохроматоз - это заболевание, к..."
"Печеночные пробы",,,,,"Печеночные пробы — это набор тестов, позволяющий оценить повреждение клеток печени и желчевыводящих путей. Печень – жизненно важная железа организма, выполн..."
"Скрининг на вирусные гепатиты A, B и C",,,,,"Показатель

	 Комплексное исследование для диагностики самых распространённых гепатитов: A, B и C. Данный комплекс позволяет заподозрить наличие того или иног..."
"Функция печени, комплекс анализов (печеночные пробы)",,,,,"Комплексный анализ для печени, в состав которого входят тесты, позволяющие оценить как общее функциональное состояние печени: АЛТ, АСТ; функцию обмена белко..."
"Желчные кислоты",,,,,"Желчные кислоты – органические кислоты, входящие в состав желчи и представляющие собой конечные продукты обмена холестерина, участвуют в переваривании и усвоени..."
"Антианемия",,,,,"Железодефицитная анемия — очень серьезный дефицит железа. Сдайте этот комплекс, если:

	слабость во всем теле, особенно в мышцах
	быстрая утомляемость
	..."
"Диагностика анемии (расширенное обследование)",,,,,"Гемоглобин обеспечивает транспорт кислорода к клеткам. Поэтому его снижение (анемия) критично для работы всех внутренних органов. Причин анемии много, но гл..."
"Диагностика анемии (скрининг)",,,,,"Анемия одно из самых распространенных заболеваний в мире. Самая частая причина анемии - нарушение питания, приводящее к дефициту железа, витамина В12 и фоли..."
"Диагностика железодефицитной анемии",,,,,"Железодефицитная анемия — верхушка железодефицита и самая частая среди анемий. Комплекс показателей общего анализа крови и обмена железа помогает выявить ан..."
"Бронхиальная астма, обострение (комплекс анализов)",,,,,"Бронхиальная астма — это хроническое воспалительное заболевание, поражающее легкие. Для него характерны обратимые или, по крайней мере, частично обратимые с..."
"Гуморальный иммунитет (комплекс анализов)",,,,,"Отражает общее состояние иммунной системы"
"Диагностика целиакии, непереносимость глютена, расширенное обследование",,,,,"Важный показатель целиакии, отражающий воспаление тонкого кишечника"
"Диагностика целиакии, непереносимость глютена, скрининг",,,,,"Важный показатель целиакии, отражающий воспаление тонкого кишечника"
"Помощники иммунитета",,,,,"Иммунитет — это сложная система органов и клеток, которая защищает нас от патогенов: вирусов, бактерий и грибков. Её эффективная работа напрямую зависит от ..."
"Антимитохондриальные антитела",,,,,"Белки иммунной системы, направленные на собственные клетки организма, особенно печени"
"Антинуклеарные антитела",,,,,"Важный показатель ревматоидных заболеваний"
"Антинуклеарные антитела к 17 антигенам иммуноблот, антитела к двуспиральной ДНК и антинуклеарный фактор на клеточной линии Hep-2 IgG",,,,,"Важный показатель ревматоидных заболеваний"
"Антитела к 2-спиральной ДНК",,,,,"Важный показатель системной красной волчанки"
"Антитела к аннексину V, IgG",,,,,"Показатель антифосфолипидного синдрома и склонности к тромбозу"
"Антитела к аннексину V, IgM",,,,,"Показатель антифосфолипидного синдрома и склонности к тромбозу"
"Антитела к бета-2-гликопротеину 1 суммарные",,,,,"Показатель антифосфолипидного синдрома и склонности к тромбозу"
"Антитела к бета-клеткам поджелудочной железы",,,,,"Белки иммунной системы, направленные на клетки поджелудочной железы, маркер сахарного диабета 1 типа"
"Антитела к внутреннему фактору",,,,,"Исследование антител к внутреннему фактору Кастла применяется для диагностики пернициозной анемии, вызванной дефицитом в организме витамина В12."
"Антитела к деамидированным пептидам глиадина IgA",,,,,"Важный показатель целиакии, отражающий воспаление тонкого кишечника"
"Антитела к деамидированным пептидам глиадина IgG",,,,,"Важный показатель целиакии, отражающий воспаление тонкого кишечника"
"Антитела к кардиолипину IgA",,,,,"Показатель антифосфолипидного синдрома и склонности к тромбозу"
"Антитела к кардиолипину IgG",,,,,"Показатель антифосфолипидного синдрома и склонности к тромбозу"
"Антитела к кардиолипину IgM",,,,,"Показатель антифосфолипидного синдрома и склонности к тромбозу"
"Антитела к модифицированному цитруллиновому виментину",,,,,"Важный показатель ревматоидного артрита"
"Антитела к париетальным клеткам желудка",,,,,"Белки иммунной системы, поражающие желудок и приводящие к тяжелой анемии"
"Антитела к тканевой трансглутаминазе IgA",,,,,"Важный показатель целиакии, отражающий воспаление тонкого кишечника"
"Антитела к тканевой трансглутаминазе IgG",,,,,"Важный показатель целиакии, отражающий воспаление тонкого кишечника"
"Антитела к фосфолипидам IgM и IgG",,,,,"Показатель антифосфолипидного синдрома и склонности к тромбозу"
"Антитела к циклическому цитруллиновому пептиду",,,,,"Важный показатель ревматоидного артрита"
"Иммуноглобулины A (IgA)",,,,,"Белки иммунной системы, работающие на слизистых оболочках"
"Иммуноглобулины E (IgE)",,,,,"Белки иммунной системы, вызывающие аллергическое воспаление"
"Иммуноглобулины G (IgG)",,,,,"Белки иммунной системы, обеспечивающие длительную защиту от инфекций"
"Иммуноглобулины M (IgM)",,,,,"Белки иммунной системы, работающие в острый период инфекции"
"Ингаляционная панель 20 аллергенов",,,,,"Комплекс, выявляющий IgE-опосредованную аллергию в момент обострения"
"Интерлейкин-10",,,,,"Белок иммунной системы, останавливающий иммунный ответ"
"Интерлейкин-1бета",,,,,"Белок иммунной системы, отвечающий за повышение температуры тела, которое приводит к активации иммунных клеток"
"Интерлейкин-6",,,,,"Показатель активности воспалительных и некоторых онкологических процессов"
"Интерлейкин-8",,,,,"Белок иммунной системы, стимулирующий иммунный ответ"
"Катионный протеин эозинофилов",,,,,"Показатель остроты аллергического, эозинофильного воспаления"
"Клеточный иммунитет фенотипирование лимфоцитов",,,,,"Важнейшие показатели иммунной системы, отражающие способность противостоять инфекции, аллергии, онкологии"
"Педиатрическая панель 20 аллергенов",,,,,"Комплекс, выявляющий IgE-опосредованную аллергию в момент обострения"
"Пищевая панель 20 аллергенов",,,,,"Комплекс, выявляющий IgE-опосредованную аллергию в момент обострения"
"С3-компонент комплемента",,,,,"Белок иммунной системы"
"С4-компонент комплемента",,,,,"Белок иммунной системы"
"Фактор некроза опухоли-альфа",,,,,"Показатель, отражающий активность воспаления, эффективность иммуномодулирующей терапии"
"Циркулирующие иммунные комплексы",,,,,"Комплекс, выводящий антигены из организма"
"Альбумин в моче суточной",,,,,"Показатель нарушения работы почек, сахарного диабета"
"Альбумин в моче, разовая порция",,,,,"Показатель нарушения работы почек, сахарного диабета"
"Альбумин/креатинин соотношение в моче, разовая порция",,,,,"Показатель нарушения работы почек, сахарного диабета"
"Альфа-амилаза в моче, разовая порция",,,,,"Показатель повреждения поджелудочной железы"
"Альфа-амилаза панкреатическая в моче, разовая порция",,,,,"Показатель повреждения поджелудочной железы"
"Анализ кала на скрытую кровь",,,,,"Ранний показатель заболеваний толстой кишки"
"Анализ кала на цисты простейших",,,,,"Выявление паразитарных инфекций кишечника"
"Анализ кала на яйца гельминтов",,,,,"Выявление паразитарных заболеваний кишечника"
"Анализ мочи по Нечипоренко",,,,,"Показатель воспаления и наличия крови в моче"
"Анализ на энтеробиоз",,,,,"Выявление паразитарных инфекций кишечника"
"Белок общий в моче суточной",,,,,"Показатель нарушения работы почек, сердца и воспаления"
"Белок общий в моче, разовая порция",,,,,"Показатель нарушения работы почек, сердца и воспаления"
"Глюкоза в моче суточной",,,,,"Показатель нарушения обмена углеводов"
"Глюкоза в моче, разовая порция",,,,,"Показатель нарушения обмена углеводов"
"Дисбактериоз кишечника",,,,,"Показывает соотношение нормальной и условно-патогенной флоры кишечника"
"Калий (К+), Натрий (Na+), Хлор (Сl-) в моче суточной",,,,,"Показатель состояния водно-электролитного баланса организма"
"Кальпротектин в кале",,,,,"Ранний показатель воспалительных заболеваний толстой кишки"
"Кальций/креатинин соотношение в моче, разовая порция",,,,,"Показатель нарушения работы почек"
"Кортизол в моче суточной",,,,,"Кортизол - биологически активный глюкокортикоидный гормон стероидной природы. Для диагностики заболеваний надпочечников важное значение имеет определение ко..."
"Креатинин в моче суточной",,,,,"Показатель выделительной функции почек"
"Магний/креатинин соотношение в моче, разовая порция",,,,,"Показатель нарушения работы почек"
"Мочевая кислота в моче суточной",,,,,"Показатель выделительной функции почек"
"Мочевая кислота/креатинин соотношение в моче, разовая порция",,,,,"Показатель нарушения работы почек"
"Мочевина в моче суточной",,,,,"Показатель выделительной функции почек"
"Общий анализ кала",,,,,"Качественный и количественный состав кала, отражающий многие заболевания ЖКТ"
"Общий анализ мочи",,,,,"Качественная и количественная оценка разовой порции мочи"
"Панкреатическая эластаза в кале",,,,,"Ранний показатель воспалительных заболеваний толстой кишки"
"Фосфор/креатинин соотношение в моче, разовая порция",,,,,"Показатель нарушения работы почек"
"Гормоны щитовидной железы (расширенное обследование)",,,,,"Обследование при подозрении на нарушение работы щитовидной железы"
"Щитовидная железа (полное обследование)",,,,,"Расширенное обследование при подозрении на нарушение работы щитовидной железы"
"Щитовидная железа (скрининг)",,,,,"Ежегодное обследование щитовидной железы"
"Антитела к ТПО",,,,,"Собственные антитела против фермента клеток щитовидной железы"
"Антитела к рецепторам ТТГ",,,,,"Белки иммунной системы, связывающие рецепторы к ТТГ"
"Антитела к тиреоглобулину",,,,,"Собственные антитела против белка щитовидной железы"
"Реверсивный Т3 трийодтиронин",,,,,"Биологически активное количество Т3, не связанное с белком"
"Т3 общий",,,,,"Самый мощный гормон щитовидной железы, образуется из T4"
"Т3 свободный",,,,,"Биологически активное количество Т3, не связанное с белком"
"Т4 общий",,,,,"Самый распространенный гормон щитовидной железы"
"Т4 свободный",,,,,"Биологически активное количество Т4, не связанное с белком"
"ТТГ",,,,,"Показатель стимуляции щитовидной железы, влияющей на обмен веществ, энергии, вес и температуру тела"
"Тиреоглобулин",,,,,"Белок, вырабатывающийся в щитовидной железе, предшественник гормонов"
"Тироксинсвязывающая способность",,,,,"Вспомогательный тест, отражающий процент связывания гормонов щитовидной железы белками"
"Тироксинсвязывающий глобулин",,,,,"Один из белков, связывающих гормоны щитовидной железы"
"Гломерулонефрит",,,,,"Гломерулонефрит это инфекционно-аллергическое заболевание, характеризующееся преимущественным поражением клубочков почек. Гломерулонефрит является самостоят..."
"Почечные пробы",,,,,"Почечные пробы — это набор тестов, позволяющий оценить азотистый обмен и функцию почек. Вся кровь проходит через почки — главный фильтрационный орган нашего..."
"Функция почек, комплекс анализов (почечные пробы)",,,,,"Оценка функции почек включает определение креатинина, мочевины, альбумина с расчетом скорости клубочковой фильтрации, а также основных минералов и общего ан..."
"Канальцевая реабсорбция",,,,,"Канальцевая реабсорбция - обратное всасывание воды и некоторых растворенных в ней веществ из первичной мочи в кровь в канальцах позволяет оценить концентрац..."
"Минутный диурез",,,,,"Минутный диурез – это объем мочи, выделенной за одну минуту. Этот показатель зависит от указанного вами объема суточной мочи. Поэтому важно собрать всю мочу..."
"Проба Реберга",,,,,"Показатель очистительной функции почек"
"СКФ MDRD расчет",,,,,"Скорость клубочковой фильтрации отражает функциональное состояние почек и реагирует на изменения раньше, чем показатели крови. Она может рассчитываться с уч..."
"СКФ по клиренсу креатинина",,,,,"Клиренс креатинина –  это количество крови, которое почки могут очистить от креатинина за одну минуту. Анализ отражает насколько хорошо ..."
"СКФ по методу Cockroft-Gault",,,,,"Расчетный показатель, который отражает состояние почек"
"СКФ по методу MDRD",,,,,"Расчетный показатель, который отражает состояние почек"
"СКФ по формуле Шварца для детей с 2 до 17 лет",,,,,"Расчетный показатель, который отражает состояние почек"
"Диагностика бронхита (комплекс анализов)",,,,,"Бронхит - это распространенное воспалительное поражение бронхиального дерева, которое проявляется отделением мокроты, кашлем и одышкой. 


	 Комплек..."
"Комплекс анализов Воспаление лёгких",,,,,"Инфекционно-воспалительный процесс в тканях легких опасен развитием дыхательной недостаточности и сепсиса (распространением инфекции на другие органы).


..."
"Обследование после перенесенной коронавирусной инфекции COVID-19",,,,,"Вирус SARS-CoV2 (CОVID-19) приводит к развитию новой коронавирусной инфекции. Заболевание, вызванное коронавирусом (COVID-19), может протекать без симптомов..."
"Антитела к S-белку вируса SARS-CoV-2 IgG количественный",,,,,"Выявление наличия иммунной защиты против коронавирусной инфекции"
"Антитела к SARS-CoV-2 IgG качественный",,,,,"Данное исследование не должно использоваться как альтернатива ПЦР-исследованию, особенно на ранних этапах заболевания. Посещение медицинских центров с сим..."
"Антитела к SARS-CoV-2 IgM качественный",,,,,"Подтверждение коронавирусной инфекции"
"Диагностика туберкулеза T-SPOT.TB",,,,,"Туберкулез - это инфекционное заболевание, которое передается от больного человека, выделяющего микобактерии (палочка Коха), в окружающую среду. Туберкулез ..."
"Квантифероновый тест (диагностика туберкулеза)",,,,,"Латентная туберкулезная инфекция – состояние, при котором микобактерии туберкулеза присутствуют в организме человека. При этом клинических проявлений н..."
"ПЦР-тест на коронавирус SARS-CoV-2, мазок",,,,,"Подтверждение острой коронавирусной инфекции"
"Обследование перед посещением детского сада, бассейна",,,,,"Исследование проводится с целью обнаружения яиц гельминтов и простейших в кале, яиц остриц в соскобе с перианальных складок.


	 Обычно рекомендуется пер..."
"Паразитарные инфекции (комплекс анализов по крови)",,,,,"Показатель

	 Причиной возникновения паразитарных заболеваний могут быть как простейшие организмы, так и гельминты. Комплексное обследование Паразитарные инфе..."
"Серологическая диагностика паразитарных заболеваний",,,,,"Анализ назначается при подозрении на заболевания, вызываемые паразитами (гельминтами и простейшими). Клинические симптомы паразитарных заболеваний крайне ра..."
"Антитела к Toxoplasma gondii IgG (количественный)",,,,,"Выявление перенесенного токсоплазмоза"
"Антитела к Toxoplasma gondii IgM",,,,,"Подтверждение острого токсоплазмоза"
"Антитела к антигенам аскарид IgG",,,,,"Антитела к антигенам аскарид IgG - тест позволяет диагностировать аскаридоз на ранних стадиях. Аскаридоз — глистная инвазия, возбудителями которой являются ..."
"Антитела к антигенам аскарид IgG (титр)",,,,,"Антитела к антигенам аскарид IgG (титр) - тест в комплексе с данными анамнеза и учётом клинической симптоматики пациента позволяет диагностировать аскаридоз..."
"Антитела к антигенам лямблий суммарные",,,,,"Антитела к антигенам лямблий — тест используется в комплексе диагностики лямблиоза. Лямблиоз — часто встречающееся паразитарное заболевание тонкого кишечник..."
"Антитела к антигенам лямблий суммарные (титр)",,,,,"Антитела к антигенам лямблий (титр) — тест, применяемый в комплексе диагностики лямблиоза и контроля эффективности терапии. Лямблиоз — часто встречающееся п..."
"Антитела к антигенам описторхисов IgG",,,,,"Это тест, применяемый для ранней диагностики описторхоза. Описторхоз — гельминтоз, поражающий преимущественно гепатобилиарную систему и поджелудочную железу..."
"Антитела к антигенам описторхисов IgG (титр)",,,,,"Антитела к антигенам описторхисов IgG (титр) – тест, применяемый для ранней диагностики описторхоза и контроля эффективности терапии. Описторхоз — гельминто..."
"Антитела к антигенам токсокар IgG",,,,,"Антитела к антигенам токсокар IgG – один из наиболее эффективных тестов при диагностике токсокароза. Заражение человека происходит при проглатывании инвазио..."
"Антитела к антигенам токсокар IgG (титр)",,,,,"Антитела к антигенам токсокар IgG (титр) – один из наиболее эффективных тестов при диагностике токсокароза и контроля эффективности терапии. Возбудитель ток..."
"Антитела к антигенам трихинелл IgG",,,,,"Это чувствительный и специфичный тест, широко использующийся в диагностике трихинеллёза. Для ранней серологической диагностики трихинеллёза используют опред..."
"Антитела к антигенам трихинелл IgG (титр)",,,,,"Антитела к антигенам трихинелл IgG (титр) - чувствительный и специфичный тест, широко использующийся в диагностике трихинеллёза и контроле эффективности тер..."
"Антитела к антигенам эхинококка IgG",,,,,"Антитела к антигенам эхинококка IgG – тест для первичной диагностики эхинококкоза. Эхинококкоз - тканевой гельминтоз, вызываемый личиночными стадиями E. mul..."
"Антитела к антигенам эхинококка IgG (титр)",,,,,"Антитела к антигенам эхинококка IgG (титр) – тест для первичной диагностики эхинококкоза, для первичной диагностики, для оценки результатов оперативног..."
"Определение авидности антител IgG к Toxoplasma gondii",,,,,"Помогает определить давность инфицирования"
"Посев мочи на микрофлору с определением чувствительности к антибактериальным и антимикотическим препаратам",,,,,"Посев мочи на микрофлору с определением чувствительности к антибактериальным и антимикотическим препаратам проводится при подозрении на инфекцию мочевых пут..."
"Посев отделяемого из влагалища на микрофлору с определением чувствительности к антибактериальным и антимикотическим препаратам",,,,,"Посев отделяемого из влагалища микрофлору с определением чувствительности к антибактериальным и антимикотическим препаратам является «золотым стан..."
"Посев отделяемого из зева на микрофлору с определением чувствительности к антибактериальным и антимикотическим препаратам",,,,,"Посев отделяемого из зева на аэробные и факультативно-анаэробные бактерии с определением чувствительности к антибиотикам является «золотым стандартом» микро..."
"Посев отделяемого из носа на микрофлору с определением чувствительности к антибактериальным и антимикотическим препаратам",,,,,"Посев отделяемого из носа на аэробные и факультативно-анаэробные бактерии с определением чувствительности к антибиотикам является «золотым стандартом» микро..."
"Посев отделяемого из уретры на микрофлору с определением чувствительности к антибактериальным и антимикотическим препаратам",,,,,"Посев отделяемого из уретры на микрофлору с определением чувствительности к антибактериальным и антимикотическим препаратам является «золотым стандарто..."
"Посев отделяемого из цервикального канала на микрофлору с определением чувствительности к антибактериальным и антимикотическим препаратам",,,,,"Посев отделяемого из цервикального канала на микрофлору с определением чувствительности к антибактериальным и антимикотическим препаратам является «зол..."
"Посев мочи на аэробные и факультативно-анаэробные бактерии с определением чувствительности к антибиотикам",,,,,"Посев мочи на аэробные и факультативно-анаэробные бактерии с определением чувствительности к антибиотикам проводится при подозрении на инфекцию мочевых путе..."
"Посев мочи на дрожжевые грибы с определением чувствительности к антимикотическим препаратам",,,,,"Посев мочи на дрожжевые грибы с определением чувствительности к антимикотическим препаратам проводится при подозрении на грибковую инфекцию мочевых путей - ..."
"Посев отделяемого из влагалища на аэробные и факультативно-анаэробные бактерии с определением чувствительности к антибиотикам",,,,,"Посев отделяемого из влагалища на аэробные и факультативно-анаэробные бактерии с определением чувствительности к антибиотикам является «золотым стандар..."
"Посев отделяемого из влагалища на дрожжевые грибы с определением чувствительности к антимикотическим препаратам",,,,,"Посев отделяемого из влагалища на дрожжевые грибы с определением чувствительности к антимикотическим препаратам показан при наличии выделений из в..."
"Посев отделяемого из зева на аэробные и факультативно-анаэробные бактерии с определением чувствительности к антибиотикам",,,,,"Посев отделяемого из зева на аэробные и факультативно-анаэробные бактерии с определением чувствительности к антибиотикам является «золотым стандартом» микро..."
"Посев отделяемого из зева на дрожжевые грибы с определением чувствительности к антимикотическим препаратам",,,,,"Посев отделяемого из зева на дрожжевые грибы с определением определением чувствительности к антимикотическим препаратам показан при:


	воспалительных за..."
"Посев отделяемого из носа на аэробные и факультативно-анаэробные бактерии с определением чувствительности к антибиотикам",,,,,"Посев отделяемого из носа на аэробные и факультативно-анаэробные бактерии с определением чувствительности к антибиотикам является «золотым стандартом» микро..."
"Посев отделяемого из носа на дрожжевые грибы с определением чувствительности к антимикотическим препаратам",,,,,"Посев отделяемого из носа на дрожжевые грибы с определением определением чувствительности к антимикотическим препаратам показан при:


	воспалительных за..."
"Посев отделяемого из уретры на аэробные и факультативно-анаэробные бактерии с определением чувствительности к антибиотикам",,,,,"Посев отделяемого из уретры на аэробные и факультативно-анаэробные бактерии с определением чувствительности к антибиотикам показан для:


	выявления возб..."
"Посев отделяемого из уретры на дрожжевые грибы с определением чувствительности к антимикотическим препаратам",,,,,"Посев отделяемого из уретры на дрожжевые грибы с определением чувствительности к антимикотическим препаратам показан при наличии признаков грибков..."
"Посев отделяемого из цервикального канала на аэробные и факультативно-анаэробные бактерии с определением чувствительности к антибиотикам",,,,,"Посев отделяемого из цервикального канала на аэробные и факультативно-анаэробные бактерии с определением чувствительности к антибиотикам показан для:



..."
"Посев отделяемого из цервикального канала на дрожжевые грибы с определением чувствительности к антимикотическим препаратам",,,,,"Посев отделяемого из цервикального канала на дрожжевые грибы с определением чувствительности к антимикотическим препаратам показан при наличии выделени..."
"Комплекс для расчета индекса инсулинорезистентности Homa IR",,,,,"Когда вы получите результаты анализов на Инсулин и Глюкозу, рассчитайте Индекс Homa-IR с помощью калькулятора ниже.


	 Инсулинорезистентность – это сост..."
"Сахарный диабет (диагностика)",,,,,"Сахарный диабет – заболевание, характеризующееся гипергликемией, возникающей вследствие абсолютной или относительной инсулиновой недостаточности. Своевремен..."
"Сахарный диабет (контроль гликемии)",,,,,"Данное комплексное исследование рекомендуется больным сахарным диабетом для контроля состояния углеводного обмена и уровня глюкозы в крови."
"Сахарный диабет (контроль лечения)",,,,,"Данное комплексное исследование рекомендуется больным сахарным диабетом для контроля состояния углеводного обмена и липидного (жирового) обмена."
"Гликированный гемоглобин",,,,,"Средний уровень сахара крови за последние 2-3 месяца и риск диабета"
"Глюкоза",,,,,"Углевод - основной источник энергии в организме"
"Фруктозамин",,,,,"Средний уровень сахара крови за последние 2-3 недели"
"Коагулограмма (комплекс анализов)",,,,,"Оценка свертывающей системы крови (гемостаза) позволяет выявить риск избыточного свертывания (тромбоза), и риск недостаточного свертывания (кровотечения).
..."
"Коагулограмма расширенная",,,,,"Оценка свертывающей системы крови – гемостаза, позволяет выявить риск избыточного свертывания – тромбоза, и риск недостаточного свертывания – кровотечения.
..."
"Контроль антикоагулянтной терапии",,,,,"Антикоагулянты — препараты, тормозящие свертывание крови. Часто их прием длительный, иногда пожизненный, чтобы предотвратить чрезмерное свертывание крови и ..."
"Повышенная кровоточивость (комплекс анализов)",,,,,"Остановку кровотечения обеспечивают тромбоциты и факторы свертывания. Когда что-то не работает должным образом, кровотечение либо не останавливается долго, ..."
"АЧТВ",,,,,"Время внутреннего этапа свертывания крови, маркер терапии гепарином"
"Антитромбин III",,,,,"Вещество, участвующее в растворении тромбов, маркер терапии гепарином"
"Волчаночный антикоагулянт",,,,,"Антитела против собственных фосфолипидов, участвующих в процессах свертывания крови"
"Д-димер",,,,,"Продукты разрушения тромбов крови"
"Протеин C",,,,,"Исследование показано в комплексной диагностике причин тромбофилий, тромботических осложнений, тромбозах, инфаркте миокарда, инсульте, на фоне лечения антик..."
"Протеин S свободный",,,,,"Исследование назначается для выявления дефицита протеина S, прежде всего наследственного характера. При комплексной диагностике тромбофилии, при наличии эпи..."
"Протромбиновое время, протромбин и МНО",,,,,"Время, за которое происходит образование сгустка крови, маркер эффективности антикоагулянтной терапии"
"Тромбиновое время",,,,,"Время конечного этапа свертывания крови"
"Фибриноген",,,,,"Вещество печени, из которого образуется тромб, сгусток крови"
"Риск сердечно-сосудистых заболеваний (комплекс анализов)",,,,,"Сердечно-сосудистые заболевания являются основной причиной смерти во всем мире: ни по какой другой причине ежегодно не умирает столько людей.


	 Комплек..."
"N-концевой мозговой натрийуретический пропептид",,,,,"NT-proBNP характерны более длительный период полувыведения, лучшая стабильность in vitro, меньшая биологическая вариабельность и более высокие концентрации ..."
"Креатинкиназа-МВ",,,,,"Фермент клеток миокарда, повышается при их повреждении"
"Миоглобин",,,,,"Самый ранний биологический маркер гибели клеток миокарда"
"С-реактивный белок, ультрачувствительный",,,,,"Основной показатель воспаления, нелипидный фактор риска атеросклероза"
"Тропонин I высокочувствительный",,,,,"Биологический маркер прогноза повреждения миокарда"
"TORCH инфекции IgG и IgM",,,,,"Есть много факторов, которые угрожают течению беременности. В том числе инфекции. TORCH–комплекс — это группа инфекций, представляющих наибольшую опасность ..."
"Анализы в 1-м триместре беременности 1-13 недели",,,,,"Первый триместр (1-13 недели беременности) самый насыщенный. В этот период происходит закладка всех внутренних органов плода, головного мозга. Любое внешнее..."
"Анализы в 3-м триместре беременности от 29-30 недели",,,,,"Третий триместр беременности (после 29-й недели вплоть до родов) отражает активный рост плода, совершенствование его органов и систем. Организм женщины гото..."
"Анализы во 2-м триместре беременности 14-28 недели",,,,,"Второй триместр (14-28 недели беременности) характеризуется окончательным формированием плаценты, завершением закладки всех органов и систем плода. После 20..."
"Будущим мамам, подготовка к беременности (комплекс анализов)",,,,,"Комплексное исследование, рекомендуется женщинам при планировании беременности."
"Будущим папам (комплекс анализов)",,,,,"Данный комплекс подойдет для мужчин, он включает оценку основных показателей здоровья внутренних органов, выявляет первичные нарушения кровоснабжения тканей..."
"Комплекс анализов для ЭКО (после 5 дня цикла)",,,,,"Показатель


	 Согласно Приказу Министерства здравоохранения РФ от 31 июля 2020 г. № 803н для подготовки к ЭКО обоим партнерам необходимо сдать ..."
"Комплекс анализов крови для ЭКО (3-5 день цикла)",,,,,"Показатель


	 Согласно Приказу Министерства здравоохранения РФ от 31 июля 2020 г. № 803н для подготовки к ЭКО обоим партнерам необходимо сдать ..."
"Планирование беременности (комплекс анализов)",,,,,"Сегодня приветствуется осознанный подход к планированию семьи и подготовке к беременности.


	 Комплекс анализов Планирование беременности позволит оцени..."
"ХГЧ",,,,,"Продуцируется плацентой и служит маркером беременности, а также некоторых опухолей и заболеваний"
"I Love Supersport: атлет",,,,,"Показатель


	 Сбалансированный спортивный профиль, результатов которого будет достаточно для большинства спортсменов-любителей.


 Назначения


	 Д..."
"I Love Supersport: базовый комплекс анализов",,,,,"Показатель


	 Спортивный профиль, который показывает всё самое необходимое. Вы сможете приступить к тренировкам и быть уверенным, что всё super!


 На..."
"I Love Supersport: питание и спорт",,,,,"Показатель


	 При занятиях спортом особое внимание стоит уделить питанию. Меню нужно составлять с учетом того, какие цели вы ставите перед собой – снизит..."
"Комплекс анализов Здоровый спорт",,,,,"Показатель

	 Если вы активно занимаетесь спортом, то вашему организму приходится работать в усиленном режиме, чтобы справиться с нагрузками. Интенсивные трен..."
"Контроль над стрессом",,,,,"Мышцы напряжены, сердце бьется, дыхание учащается, ладошки потеют, слезы наворачиваются - это стресс. За ним стоит ответ организма «борись или беги».


	..."
"Контроль специального спортивного питания",,,,,"Комплекс показан спортсменам, получающим специальное спортивное питание, для своевременного выявления нежелательных эффектов."
"Подготовка к занятиям  в тренажерном зале",,,,,"Занятия в тренажерном зале — это огромная нагрузка на опорно-двигательный аппарат, дыхательную и сердечно-сосудистую системы.


	 Есть гормоны и мик..."
"Подготовка к приему специального спортивного питания",,,,,"Когда тренировки входят в ритм жизни, меняется тело, повышается выносливость. Хочется чтобы занятия были еще эффективнее. Многие любители-спортстмены задумы..."
"Beauty чекап",,,,,"Показатель

	 Комплекс позволяет оценить состояние кроветворной системы, определить наличие или отсутствие анемии, состояние щитовидной железы и уровень белка..."
"Базовый комплекс рекомендуемых анализов от Мирославы Красовой",,,,,"Комплекс разработан коучем функционального направления Мирославой Красовой, World Fit Studio.


	 В современном мире трудно недооценить всю важность регу..."
"Комплекс Минимум рекомендуемых анализов от Ketopower",,,,,"Показатель


	 Надо ли сдавать анализы перед началом кето — решать вам, но регулярные анализы помогают отслеживать динамику различных хронических заболева..."
"Комплекс Минимум рекомендуемых анализов от smart__manya",,,,,"Показатель


	 "Какие анализы сдать для начала? Есть ли некий минимум?" Задавали ли вы себе когда-нибудь эти вопросы?
	 Если да, то перед вами комплекс а..."
"Комплекс Оптимум рекомендуемых анализов от smart__manya",,,,,"Показатель


	 "Какие анализы сдать для начала? Есть ли некий минимум?" Задавали ли вы себе когда-нибудь эти вопросы?
	 Если да, то перед вами комплекс а..."
"Комплекс анализов для бегунов Базовый от «Академии марафона»",,,,,"Комплекс анализов для бегунов Базовый от «Академии марафона» собран специалистами бегового клуба «Академия марафона»


	 Комплекс дает оценку показателей..."
"Комплекс анализов для бегунов Премиум от «Академии марафона»",,,,,"Комплекс анализов для бегунов Премиум от «Академии марафона» собран специалистами бегового клуба «Академия марафона»


	 Комплекс оценивает показатели, н..."
"Комплекс анализов при дисменореи от доктора Хайрова",,,,,"Дисменорея — это болезненные менструации. Симптомы могут включать сильные боли внизу живота, боли в спине, тошноту, головокружение и общее недомогание. Боли..."
"Панель биомаркеров для женщин (open longevity)",,,,,"Показатель

	 Большое комплексное исследование, которое оценивает уровень основных биомаркеров вашего здоровья и молодости. Может использоваться для оценки ст..."
"Панель биомаркеров для мужчин (open longevity)",,,,,"Показатель

	 Большое комплексное исследование, которое оценивает уровень основных биомаркеров вашего здоровья и молодости. Может использоваться для оценки ст..."
"Физические причины эмоционального состояния",,,,,"Эмоциональное и физическое здоровье тесно связано, поэтому важно исключить заболевания, которые могут вызывать схожие с жалобами симптомы или усиливать их.
..."
"Комплекс Оптимум рекомендуемых анализов от Ketopower",,,,,"Показатель


	 Надо ли сдавать анализы перед началом кето — решать вам, но регулярные анализы помогают отслеживать динамику различных хронических заболева..."
"Группа крови и резус-фактор",,,,,"Наличие антигенов на эритроцитах, определяющих одну из 4 групп крови и резус-фактор"
"HLA B27, генотипирование I класса, ПЦР",,,,,"HLA-B27 обнаружен примерно у 7-10% населения европеиодной расы. Люди с HLA-B27 имеют повышенную вероятность развития аутоиммунных заболеваний, таких как анк..."
"HLA B27, генотипирование I класса, ПЦР с заключением врача-генетика",,,,,"HLA-B27 обнаружен примерно у 7-10% населения европеиодной расы. Люди с HLA-B27 имеют повышенную вероятность развития аутоиммунных заболеваний, таких как анк..."
"Заключение. F2:20210 G>A, F5:1691 G>A",,,,,"Подробное заключение дает наш врач-генетик. В этот тест не входит сам анализ Склонность к тромбозам при беременности минимальная панель. Без него заключение..."
"Заключение. F2:20210 G>A, F5:1691 G>A, F7:10976 G>A, F13A1 G>T, FGB:-455 G>A, ITGA2:807 C>T, ITGB3:1565 T>C, SERPINE1 (PAI-1:-675 5G>4G)",,,,,"Подробное заключение дает наш врач-генетик. В этот тест не входит сам анализ Определение полиморфизмов, ассоциированных с риском развития тромбофилии 8 поли..."
"Заключение. HFE-ассоциированный гемохроматоз",,,,,"Подробное заключение дает наш врач-генетик. В этот тест не входит сам анализ гена HFE. Без него заключение не будет сформировано. Также заключение не может ..."
"Заключение. HLA B27",,,,,"Подробное заключение дает наш врач-генетик. В этот тест не входит сам анализ гена HLA B27. Без него заключение не будет сформировано. Также заключение не мо..."
"Заключение. MCM6 (-13910 T>C)",,,,,"Подробное заключение дает наш врач-генетик. В этот тест не входит сам анализ на непереносимость лактозы. Без него заключение не будет сформировано.


	 Ч..."
"Заключение. MTHFR (677 C>T (A222V), MTHFR (1298 A>C (E429A), MTR 2756 A>G (D919G), MTRR (66 A>G (I22M)",,,,,"Подробное заключение дает наш врач-генетик. В этот тест не входит сам анализ Определение полиморфизмов, ассоциированных с фолатным циклом 4 полиморфизма. Бе..."
"Заключение. UGT1A1",,,,,"Подробное заключение дает наш врач-генетик. В этот тест не входит сам анализ Синдром Жильбера ген UGT1A1. Без него заключение не будет сформировано. Также з..."
"Заключение. VDR:283 A>G",,,,,"Подробное заключение дает наш врач-генетик. В этот тест не входит сам анализ гена VDR. Без него заключение не будет сформировано. Также заключение не может ..."
"Мутации в генах BRCA1 и BRCA2 (8 точек)",,,,,"Выявление генетических предпосылок к раку молочной железы и яичников"
"Наследственная предрасположенность к целиакии HLA генотипирование DQ2/DQ8",,,,,"Молекулы HLA – DQ2 и HLA – DQ8 связаные с наследственной предрасположенностью к целиакии"
"Наследственный HFE-ассоциированный гемохроматоз I типа с заключением врача-генетика",,,,,"Гемохроматоз — это заболевание, при котором в организме накапливается слишком много железа, что может привести к повреждению органов и тканей.


	 Наибол..."
"Наследственный гемохроматоз I типа HFE",,,,,"Гемохроматоз — это заболевание, при котором в организме накапливается слишком много железа, что может привести к повреждению органов и тканей.


	 Наибол..."
"Непереносимость лактозы с заключением генетика (недостаточность лактазы)",,,,,"Выявление генетической предпосылки к непереносимости молока"
"Определение 4 полиморфизмов в генах, связанных с фолатным циклом, с заключением врача-генетика",,,,,"Фолатный цикл в клетках направлен на обезвреживание гомоцистеина. Если цикл недостаточно эффективно работает, гомоцистеин накапливается в тканях и в кр..."
"Определение 8 полиморфизмов в генах, связанных с риском развития тромбофилии, с заключением врача-генетика",,,,,"Тромбофилия – нарушение системы свертывания крови, повышающее склонность к развитию повторяющихся сосудистых тромбозов. Тромбоз – это состояние, к..."
"Определение полиморфизма гена рецептора витамина D VDR, с заключением врача-генетика",,,,,"Исследование показано людям, у которых есть ближайшие родственники с такими заболеваниями как остеопороз, гиперпаратиреоз или частые переломы костей, н..."
"Определение полиморфизмов, ассоциированных с нарушением фолатного цикла 4 полиморфизма",,,,,"Показания к проведению исследования:


	Повышенный уровень гомоцистеина в крови (гипергомоцистеинемия).
	Невынашивание беременности, гибель плода во 2 и..."
"Определение полиморфизмов, ассоциированных с нарушениями MCM6",,,,,"Ген LPH (LCT) кодирует аминокислотную последовательность фермента лактазы. Этот фермент вырабатывается в тонком кишечнике и участвует в расщеплении молочног..."
"Определение полиморфизмов, ассоциированных с риском развития тромбофилии 8 полиморфизмов",,,,,"Показания к проведению исследования:


	Случаи наследственной тромбоэмболии в семье.
	
	Случаи тромбоза в анамнезе (единичный тромбоз до 50 лет; повтор..."
"Полиморфизм гена рецептора витамина D VDR:283 A>G",,,,,"Если необходимо заключение врача-генетика, выбирайте анализ  Определение полиморфизма гена рецептора витамина D VDR, с заключением врача-генетика
..."
"Синдром Жильбера ген UGT1A1",,,,,"Показания к проведению исследования:


	Необъяснимое повышение концентрации билирубина в сыворотке крови, особенно его свободной фракции при нормальных п..."
"Синдром Жильбера исследование гена UGT1A1 с заключением врача-генетика",,,,,"Синдромом Жильбера – это врожденное заболевание печени, проявляющееся желтухой. Показания к проведению исследования:


	Необъяснимое повышение ..."
"Склонность к тромбозам при беременности минимальная панель",,,,,"Во время беременности могут происходить изменения в свертывающей системе, осложняющие течение беременности. Показания к проведению исследования:

	Осложн..."
"Склонность к тромбозам при беременности минимальная панель F2, F5 с заключением врача-генетика",,,,,"Изменения в свертывающей системе могут серьезно осложнять течение беременности. Показания к проведению исследования на наиболее распространенные гены, ответ..."